-- phpMyAdmin SQL Dump
-- version 5.2.0
-- https://www.phpmyadmin.net/
--
-- Host: localhost:3306
-- Generation Time: Feb 22, 2026 at 03:56 PM
-- Server version: 8.0.30
-- PHP Version: 8.3.27

SET SQL_MODE = "NO_AUTO_VALUE_ON_ZERO";
START TRANSACTION;
SET time_zone = "+00:00";


/*!40101 SET @OLD_CHARACTER_SET_CLIENT=@@CHARACTER_SET_CLIENT */;
/*!40101 SET @OLD_CHARACTER_SET_RESULTS=@@CHARACTER_SET_RESULTS */;
/*!40101 SET @OLD_COLLATION_CONNECTION=@@COLLATION_CONNECTION */;
/*!40101 SET NAMES utf8mb4 */;

--
-- Database: `pmi_donor`
--

-- --------------------------------------------------------

--
-- Table structure for table `data_historis_donor`
--

CREATE TABLE `data_historis_donor` (
  `id_histori` varchar(25) COLLATE utf8mb4_general_ci NOT NULL,
  `id_pendonor` varchar(25) COLLATE utf8mb4_general_ci NOT NULL,
  `no_trans` varchar(25) COLLATE utf8mb4_general_ci NOT NULL,
  `tanggal_donor` datetime NOT NULL,
  `jumlah_donor` int NOT NULL,
  `status_donor` enum('double','triple') CHARACTER SET utf8mb4 COLLATE utf8mb4_general_ci NOT NULL DEFAULT 'double',
  `status_pengesahan` enum('sudah','pending','ditolak') CHARACTER SET utf8mb4 COLLATE utf8mb4_general_ci NOT NULL DEFAULT 'pending',
  `baru_ulang` enum('baru','ulang') COLLATE utf8mb4_general_ci NOT NULL,
  `created_at` datetime DEFAULT CURRENT_TIMESTAMP,
  `updated_at` datetime DEFAULT CURRENT_TIMESTAMP ON UPDATE CURRENT_TIMESTAMP
) ENGINE=InnoDB DEFAULT CHARSET=utf8mb4 COLLATE=utf8mb4_general_ci;

--
-- Dumping data for table `data_historis_donor`
--

INSERT INTO `data_historis_donor` (`id_histori`, `id_pendonor`, `no_trans`, `tanggal_donor`, `jumlah_donor`, `status_donor`, `status_pengesahan`, `baru_ulang`, `created_at`, `updated_at`) VALUES
('HSD-003FCCC6', 'PND-5AD21EBA', 'DG010225-3319-0016', '2025-02-01 18:37:00', 6, 'double', 'sudah', 'ulang', '2026-02-22 12:43:41', '2026-02-22 12:43:41'),
('HSD-00AE6864', 'PND-A7CDA27D', 'DG070525-3319-0004', '2025-05-07 10:44:00', 7, 'double', 'sudah', 'ulang', '2026-02-22 12:43:43', '2026-02-22 12:43:43'),
('HSD-010D573F', 'PND-DE890F68', 'DG080225-3319-0002', '2025-02-08 08:23:00', 16, 'double', 'sudah', 'ulang', '2026-02-22 12:43:43', '2026-02-22 12:43:43'),
('HSD-01216235', 'PND-7CDD1EFD', 'DG060325-3319-0006', '2025-03-06 13:46:00', 21, 'double', 'sudah', 'ulang', '2026-02-22 12:43:43', '2026-02-22 12:43:43'),
('HSD-01600EF1', 'PND-9FC78018', 'DG010425-3319-0004', '2025-04-01 08:45:00', 37, 'double', 'sudah', 'ulang', '2026-02-22 12:43:41', '2026-02-22 12:43:41'),
('HSD-0196AA1A', 'PND-02BF7B7E', 'DG080225-3319-0001', '2025-02-08 07:46:00', 5, 'double', 'sudah', 'ulang', '2026-02-22 12:43:43', '2026-02-22 12:43:43'),
('HSD-02056636', 'PND-D2A9AFD5', 'DG060225-3319-0011', '2025-02-06 21:13:00', 3, 'double', 'sudah', 'ulang', '2026-02-22 12:43:43', '2026-02-22 12:43:43'),
('HSD-0252A776', 'PND-BE9B6DD9', 'DG020225-3319-0009', '2025-02-02 13:17:00', 7, 'double', 'sudah', 'ulang', '2026-02-22 12:43:41', '2026-02-22 12:43:41'),
('HSD-026B5BFE', 'PND-3EB3D831', 'DG030325-3319-0011', '2025-03-03 18:43:00', 8, 'double', 'sudah', 'ulang', '2026-02-22 12:43:42', '2026-02-22 12:43:42'),
('HSD-029766C5', 'PND-F153D79F', 'DG050525-3319-0010', '2025-05-05 11:09:00', 27, 'double', 'sudah', 'ulang', '2026-02-22 12:43:43', '2026-02-22 12:43:43'),
('HSD-02B2C4A2', 'PND-774D8914', 'DG030325-3319-0003', '2025-03-03 09:46:00', 8, 'double', 'sudah', 'ulang', '2026-02-22 12:43:42', '2026-02-22 12:43:42'),
('HSD-02D51620', 'PND-936AC46E', 'DG050525-3319-0035', '2025-05-05 20:47:00', 1, 'double', 'sudah', 'baru', '2026-02-22 12:43:43', '2026-02-22 12:43:43'),
('HSD-02EB0A16', 'PND-BCAD49D3', 'DG080325-3319-0008', '2025-03-08 19:55:00', 6, 'double', 'sudah', 'ulang', '2026-02-22 12:43:44', '2026-02-22 12:43:44'),
('HSD-02F288E9', 'PND-2724E646', 'DG070125-3319-0003', '2025-01-07 09:31:00', 38, 'double', 'sudah', 'ulang', '2026-02-22 12:43:43', '2026-02-22 12:43:43'),
('HSD-02FDBDBF', 'PND-408DBB19', 'DG020225-3319-0011', '2025-02-02 16:31:00', 4, 'double', 'sudah', 'ulang', '2026-02-22 12:43:41', '2026-02-22 12:43:41'),
('HSD-0304459A', 'PND-E828397D', 'DG050425-3319-0042', '2025-04-05 15:44:00', 16, 'double', 'sudah', 'ulang', '2026-02-22 12:43:42', '2026-02-22 12:43:42'),
('HSD-0311AB5A', 'PND-F527E62B', 'DG040525-3319-0022', '2025-05-04 11:05:00', 12, 'double', 'sudah', 'ulang', '2026-02-22 12:43:42', '2026-02-22 12:43:42'),
('HSD-036E4F20', 'PND-DA9057AD', 'DG070225-3319-0004', '2025-02-07 09:05:00', 1, 'double', 'sudah', 'baru', '2026-02-22 12:43:43', '2026-02-22 12:43:43'),
('HSD-03CD76C2', 'PND-908DF4D1', 'DG030425-3319-0068', '2025-04-03 20:18:00', 1, 'triple', 'sudah', 'baru', '2026-02-22 12:43:42', '2026-02-22 12:43:42'),
('HSD-0428DD23', 'PND-C334BDC6', 'DG050425-3319-0047', '2025-04-05 16:24:00', 3, 'double', 'sudah', 'ulang', '2026-02-22 12:43:42', '2026-02-22 12:43:42'),
('HSD-0447022A', 'PND-281687A8', 'DG050425-3319-0076', '2025-04-05 21:42:00', 12, 'double', 'sudah', 'ulang', '2026-02-22 12:43:43', '2026-02-22 12:43:43'),
('HSD-04CE777A', 'PND-6634A4C7', 'DG060125-3319-0023', '2025-01-06 17:26:00', 17, 'double', 'sudah', 'ulang', '2026-02-22 12:43:43', '2026-02-22 12:43:43'),
('HSD-04DFE354', 'PND-5CF18E12', 'DG080325-3319-0012', '2025-03-08 20:45:00', 55, 'triple', 'sudah', 'ulang', '2026-02-22 12:43:44', '2026-02-22 12:43:44'),
('HSD-055F8084', 'PND-638363C8', 'DG040425-3319-0031', '2025-04-04 12:59:00', 30, 'double', 'sudah', 'ulang', '2026-02-22 12:43:42', '2026-02-22 12:43:42'),
('HSD-06321CBE', 'PND-7CBB93A2', 'DG060425-3319-0044', '2025-04-06 14:50:00', 4, 'double', 'sudah', 'ulang', '2026-02-22 12:43:43', '2026-02-22 12:43:43'),
('HSD-0683BF53', 'PND-2F86D5C3', 'DG060125-3319-0012', '2025-01-06 13:57:00', 18, 'double', 'sudah', 'ulang', '2026-02-22 12:43:43', '2026-02-22 12:43:43'),
('HSD-071E10CC', 'PND-E0605B0F', 'DG010325-3319-0015', '2025-03-01 21:46:00', 78, 'double', 'sudah', 'ulang', '2026-02-22 12:43:41', '2026-02-22 12:43:41'),
('HSD-072D2257', 'PND-0814AF06', 'DG060425-3319-0040', '2025-04-06 14:19:00', 9, 'double', 'sudah', 'ulang', '2026-02-22 12:43:43', '2026-02-22 12:43:43'),
('HSD-07A1B63A', 'PND-B960F2AF', 'DG060125-3319-0010', '2025-01-06 12:27:00', 1, 'double', 'sudah', 'baru', '2026-02-22 12:43:43', '2026-02-22 12:43:43'),
('HSD-07D93E8D', 'PND-85E4B3D6', 'DG050325-3319-0004', '2025-03-05 08:48:00', 26, 'double', 'sudah', 'ulang', '2026-02-22 12:43:42', '2026-02-22 12:43:42'),
('HSD-083D9D5C', 'PND-7A8F93DA', 'DG060425-3319-0084', '2025-04-06 21:10:00', 6, 'double', 'sudah', 'ulang', '2026-02-22 12:43:43', '2026-02-22 12:43:43'),
('HSD-08518C48', 'PND-D6C3C0CA', 'DG060125-3319-0011', '2025-01-06 13:45:00', 8, 'double', 'sudah', 'ulang', '2026-02-22 12:43:43', '2026-02-22 12:43:43'),
('HSD-08BFD9C5', 'PND-90D04D94', 'DG030325-3319-0006', '2025-03-03 16:02:00', 10, 'double', 'sudah', 'ulang', '2026-02-22 12:43:42', '2026-02-22 12:43:42'),
('HSD-090FB4F1', 'PND-83A4A10E', 'DG010125-3319-0011', '2025-01-01 17:23:00', 37, 'double', 'sudah', 'ulang', '2026-02-22 12:43:41', '2026-02-22 12:43:41'),
('HSD-09242468', 'PND-603F10D5', 'DG020225-3319-0013', '2025-02-02 19:08:00', 23, 'double', 'sudah', 'ulang', '2026-02-22 12:43:41', '2026-02-22 12:43:41'),
('HSD-098899FD', 'PND-2B1B4E59', 'DG060425-3319-0053', '2025-04-06 16:45:00', 16, 'double', 'sudah', 'ulang', '2026-02-22 12:43:43', '2026-02-22 12:43:43'),
('HSD-09BB190A', 'PND-FD799DB2', 'DG080425-3319-0014', '2025-04-08 11:13:00', 4, 'triple', 'sudah', 'ulang', '2026-02-22 12:43:44', '2026-02-22 12:43:44'),
('HSD-09C4802A', 'PND-6EEA44D6', 'DG030425-3319-0079', '2025-04-03 21:58:00', 17, 'double', 'sudah', 'ulang', '2026-02-22 12:43:42', '2026-02-22 12:43:42'),
('HSD-0A1A8793', 'PND-076F4C57', 'DG030225-3319-0003', '2025-02-03 09:09:00', 6, 'double', 'sudah', 'ulang', '2026-02-22 12:43:42', '2026-02-22 12:43:42'),
('HSD-0A7351EF', 'PND-C181CC67', 'DG070425-3319-0034', '2025-04-07 14:48:00', 1, 'double', 'sudah', 'baru', '2026-02-22 12:43:43', '2026-02-22 12:43:43'),
('HSD-0A81229A', 'PND-4D876CE3', 'DG020125-3319-0008', '2025-01-02 15:02:00', 13, 'double', 'sudah', 'ulang', '2026-02-22 12:43:41', '2026-02-22 12:43:41'),
('HSD-0BA4CA18', 'PND-75D9A4CB', 'DG050425-3319-0061', '2025-04-05 19:08:00', 1, 'double', 'sudah', 'baru', '2026-02-22 12:43:43', '2026-02-22 12:43:43'),
('HSD-0BCE5001', 'PND-DDE7D2DB', 'DG050125-3319-0002', '2025-01-05 07:46:00', 69, 'triple', 'sudah', 'ulang', '2026-02-22 12:43:42', '2026-02-22 12:43:42'),
('HSD-0BD9C2A9', 'PND-4918AF0D', 'DG030325-3319-0012', '2025-03-03 19:17:00', 10, 'double', 'sudah', 'ulang', '2026-02-22 12:43:42', '2026-02-22 12:43:42'),
('HSD-0BFCBF46', 'PND-CF46E396', 'DG040225-3319-0053', '2025-02-04 15:51:00', 2, 'double', 'sudah', 'ulang', '2026-02-22 12:43:42', '2026-02-22 12:43:42'),
('HSD-0C49CF6B', 'PND-9F6C24BA', 'DG030425-3319-0042', '2025-04-03 13:55:00', 1, 'double', 'sudah', 'baru', '2026-02-22 12:43:42', '2026-02-22 12:43:42'),
('HSD-0C4AB2BA', 'PND-08C9F6E8', 'DG010325-3319-0012', '2025-03-01 19:22:00', 11, 'double', 'sudah', 'ulang', '2026-02-22 12:43:41', '2026-02-22 12:43:41'),
('HSD-0CACDEB9', 'PND-126B94F2', 'DG060425-3319-0070', '2025-04-06 19:52:00', 75, 'double', 'sudah', 'ulang', '2026-02-22 12:43:43', '2026-02-22 12:43:43'),
('HSD-0CFF5F66', 'PND-D3C3E15A', 'DG080425-3319-0046', '2025-04-08 19:31:00', 32, 'double', 'sudah', 'ulang', '2026-02-22 12:43:44', '2026-02-22 12:43:44'),
('HSD-0D3F7407', 'PND-FFABA752', 'DG070425-3319-0018', '2025-04-07 11:14:00', 4, 'double', 'sudah', 'ulang', '2026-02-22 12:43:43', '2026-02-22 12:43:43'),
('HSD-0DA42735', 'PND-16E448F0', 'DG080225-3319-0007', '2025-02-08 09:33:00', 17, 'double', 'sudah', 'ulang', '2026-02-22 12:43:43', '2026-02-22 12:43:43'),
('HSD-0DCFFA38', 'PND-C8D6E059', 'DG040325-3319-0013', '2025-03-04 19:30:00', 50, 'double', 'sudah', 'ulang', '2026-02-22 12:43:42', '2026-02-22 12:43:42'),
('HSD-0DE6E44C', 'PND-FCAB024D', 'DG080425-3319-0036', '2025-04-08 16:26:00', 56, 'double', 'sudah', 'ulang', '2026-02-22 12:43:44', '2026-02-22 12:43:44'),
('HSD-0E4D165E', 'PND-1D5C3342', 'DG040425-3319-0068', '2025-04-04 19:52:00', 8, 'double', 'sudah', 'ulang', '2026-02-22 12:43:42', '2026-02-22 12:43:42'),
('HSD-0E76DB31', 'PND-F7A305B1', 'DG050525-3319-0016', '2025-05-05 12:09:00', 1, 'double', 'sudah', 'baru', '2026-02-22 12:43:43', '2026-02-22 12:43:43'),
('HSD-0ECF08C7', 'PND-ED9D3E6D', 'DG050425-3319-0079', '2025-04-05 22:04:00', 4, 'double', 'sudah', 'ulang', '2026-02-22 12:43:43', '2026-02-22 12:43:43'),
('HSD-0EE58FBA', 'PND-BAA4578E', 'DG030225-3319-0002', '2025-02-03 08:48:00', 16, 'double', 'sudah', 'ulang', '2026-02-22 12:43:42', '2026-02-22 12:43:42'),
('HSD-0F20CFF9', 'PND-1E2B347B', 'DG030525-3319-0017', '2025-05-03 17:04:00', 26, 'double', 'sudah', 'ulang', '2026-02-22 12:43:42', '2026-02-22 12:43:42'),
('HSD-0F4150AC', 'PND-5317CFAF', 'DG070225-3319-0003', '2025-02-07 09:03:00', 1, 'double', 'sudah', 'baru', '2026-02-22 12:43:43', '2026-02-22 12:43:43'),
('HSD-0F433CF2', 'PND-351C4E69', 'DG090125-3319-0009', '2025-01-09 16:36:00', 7, 'double', 'sudah', 'ulang', '2026-02-22 12:43:44', '2026-02-22 12:43:44'),
('HSD-10F33B6D', 'PND-8020E7F2', 'DG060525-3319-0019', '2025-05-06 17:21:00', 10, 'double', 'sudah', 'ulang', '2026-02-22 12:43:43', '2026-02-22 12:43:43'),
('HSD-110E7AEC', 'PND-93342965', 'DG090225-3319-0003', '2025-02-09 10:19:00', 58, 'double', 'sudah', 'ulang', '2026-02-22 12:43:44', '2026-02-22 12:43:44'),
('HSD-114F33D4', 'PND-1A561247', 'DG030425-3319-0002', '2025-04-03 00:08:00', 1, 'double', 'sudah', 'baru', '2026-02-22 12:43:42', '2026-02-22 12:43:42'),
('HSD-115AC213', 'PND-5BEC1960', 'DG070425-3319-0004', '2025-04-07 08:41:00', 11, 'double', 'sudah', 'ulang', '2026-02-22 12:43:43', '2026-02-22 12:43:43'),
('HSD-11672B3A', 'PND-1E21FE4A', 'DG090125-3319-0002', '2025-01-09 10:43:00', 10, 'triple', 'sudah', 'ulang', '2026-02-22 12:43:44', '2026-02-22 12:43:44'),
('HSD-1179F6CD', 'PND-99CAF5C7', 'DG020425-3319-0022', '2025-04-02 14:46:00', 4, 'double', 'sudah', 'ulang', '2026-02-22 12:43:41', '2026-02-22 12:43:41'),
('HSD-129DE2A5', 'PND-BC34D29E', 'DG020325-3319-0026', '2025-03-02 21:30:00', 81, 'double', 'sudah', 'ulang', '2026-02-22 12:43:41', '2026-02-22 12:43:41'),
('HSD-134D945B', 'PND-8CD2C29A', 'DG030525-3319-0024', '2025-05-03 18:06:00', 1, 'double', 'sudah', 'baru', '2026-02-22 12:43:42', '2026-02-22 12:43:42'),
('HSD-13786BCB', 'PND-C940054F', 'DG070225-3319-0010', '2025-02-07 11:32:00', 1, 'double', 'sudah', 'baru', '2026-02-22 12:43:43', '2026-02-22 12:43:43'),
('HSD-146B5659', 'PND-490D166A', 'DG060225-3319-0006', '2025-02-06 19:17:00', 1, 'double', 'sudah', 'baru', '2026-02-22 12:43:43', '2026-02-22 12:43:43'),
('HSD-1478B6AC', 'PND-0B3EBB86', 'DG010425-3319-0032', '2025-04-01 22:49:00', 21, 'double', 'sudah', 'ulang', '2026-02-22 12:43:41', '2026-02-22 12:43:41'),
('HSD-14C6C83D', 'PND-7E222DA7', 'DG040525-3319-0031', '2025-05-04 13:32:00', 2, 'double', 'sudah', 'ulang', '2026-02-22 12:43:42', '2026-02-22 12:43:42'),
('HSD-15083F79', 'PND-3725CB20', 'DG040225-3319-0040', '2025-02-04 13:02:00', 68, 'double', 'sudah', 'ulang', '2026-02-22 12:43:42', '2026-02-22 12:43:42'),
('HSD-151DAC7F', 'PND-EFB1A4DD', 'DG060425-3319-0036', '2025-04-06 13:07:00', 28, 'double', 'sudah', 'ulang', '2026-02-22 12:43:43', '2026-02-22 12:43:43'),
('HSD-161FA848', 'PND-DD3B5DEF', 'DG060425-3319-0062', '2025-04-06 19:02:00', 3, 'double', 'sudah', 'ulang', '2026-02-22 12:43:43', '2026-02-22 12:43:43'),
('HSD-168BC4A5', 'PND-AB6CA5B9', 'DG070225-3319-0014', '2025-02-07 12:58:00', 5, 'double', 'sudah', 'ulang', '2026-02-22 12:43:43', '2026-02-22 12:43:43'),
('HSD-173CAA30', 'PND-42E937CF', 'DG070425-3319-0013', '2025-04-07 10:25:00', 4, 'triple', 'sudah', 'ulang', '2026-02-22 12:43:43', '2026-02-22 12:43:43'),
('HSD-175D3ACB', 'PND-D4BACC36', 'DG050125-3319-0012', '2025-01-05 13:16:00', 8, 'double', 'sudah', 'ulang', '2026-02-22 12:43:42', '2026-02-22 12:43:42'),
('HSD-178D46F7', 'PND-238D0A47', 'DG070125-3319-0022', '2025-01-07 19:52:00', 10, 'triple', 'sudah', 'ulang', '2026-02-22 12:43:43', '2026-02-22 12:43:43'),
('HSD-187A0DBB', 'PND-DB27A638', 'DG050225-3319-0003', '2025-02-05 09:57:00', 22, 'double', 'sudah', 'ulang', '2026-02-22 12:43:42', '2026-02-22 12:43:42'),
('HSD-18B636BC', 'PND-79479641', 'DG050425-3319-0016', '2025-04-05 11:07:00', 2, 'double', 'sudah', 'ulang', '2026-02-22 12:43:42', '2026-02-22 12:43:42'),
('HSD-19EDB61D', 'PND-A1FDD2FF', 'DG080225-3319-0005', '2025-02-08 08:52:00', 5, 'double', 'sudah', 'ulang', '2026-02-22 12:43:43', '2026-02-22 12:43:43'),
('HSD-1A5D6072', 'PND-2815F30F', 'DG070225-3319-0018', '2025-02-07 14:35:00', 3, 'double', 'sudah', 'ulang', '2026-02-22 12:43:43', '2026-02-22 12:43:43'),
('HSD-1A62666E', 'PND-1C0D9468', 'DG060425-3319-0056', '2025-04-06 17:18:00', 1, 'double', 'sudah', 'baru', '2026-02-22 12:43:43', '2026-02-22 12:43:43'),
('HSD-1AD6234F', 'PND-4C425449', 'DG010225-3319-0015', '2025-02-01 17:41:00', 16, 'double', 'sudah', 'ulang', '2026-02-22 12:43:41', '2026-02-22 12:43:41'),
('HSD-1AD6D5D8', 'PND-0617DE9E', 'DG080525-3319-0004', '2025-05-08 09:39:00', 4, 'double', 'sudah', 'ulang', '2026-02-22 12:43:44', '2026-02-22 12:43:44'),
('HSD-1B2AE0FA', 'PND-EAF5F1ED', 'DG080225-3319-0009', '2025-02-08 10:26:00', 1, 'double', 'sudah', 'baru', '2026-02-22 12:43:44', '2026-02-22 12:43:44'),
('HSD-1B55A00F', 'PND-5AE65B2E', 'DG050525-3319-0014', '2025-05-05 11:49:00', 1, 'double', 'sudah', 'baru', '2026-02-22 12:43:43', '2026-02-22 12:43:43'),
('HSD-1BAB3F77', 'PND-9C44B29D', 'DG070125-3319-0009', '2025-01-07 12:22:00', 5, 'double', 'sudah', 'ulang', '2026-02-22 12:43:43', '2026-02-22 12:43:43'),
('HSD-1BDC15E0', 'PND-232EB1C5', 'DG080425-3319-0010', '2025-04-08 10:00:00', 8, 'double', 'sudah', 'ulang', '2026-02-22 12:43:44', '2026-02-22 12:43:44'),
('HSD-1BDE055A', 'PND-8859663E', 'DG060425-3319-0025', '2025-04-06 11:49:00', 34, 'double', 'sudah', 'ulang', '2026-02-22 12:43:43', '2026-02-22 12:43:43'),
('HSD-1C2B8699', 'PND-1B8131DA', 'DG040225-3319-0017', '2025-02-04 12:43:00', 14, 'double', 'sudah', 'ulang', '2026-02-22 12:43:42', '2026-02-22 12:43:42'),
('HSD-1C30DCA0', 'PND-A05FAB6D', 'DG040125-3319-0006', '2025-01-04 10:06:00', 29, 'triple', 'sudah', 'ulang', '2026-02-22 12:43:42', '2026-02-22 12:43:42'),
('HSD-1C7C4BAE', 'PND-DD3B5DEF', 'DG040125-3319-0017', '2025-01-04 14:43:00', 2, 'double', 'sudah', 'ulang', '2026-02-22 12:43:42', '2026-02-22 12:43:42'),
('HSD-1C7F2B8A', 'PND-97A4A01D', 'DG020525-3319-0010', '2025-05-02 10:52:00', 8, 'double', 'sudah', 'ulang', '2026-02-22 12:43:41', '2026-02-22 12:43:41'),
('HSD-1C916C2F', 'PND-42232ACC', 'DG030525-3319-0036', '2025-05-03 21:10:00', 4, 'double', 'sudah', 'ulang', '2026-02-22 12:43:42', '2026-02-22 12:43:42'),
('HSD-1D18987A', 'PND-1A50E9FB', 'DG050325-3319-0019', '2025-03-05 19:44:00', 55, 'double', 'sudah', 'ulang', '2026-02-22 12:43:42', '2026-02-22 12:43:42'),
('HSD-1D1FFBE2', 'PND-B0EDDB5B', 'DG020125-3319-0001', '2025-01-02 07:22:00', 6, 'triple', 'sudah', 'ulang', '2026-02-22 12:43:41', '2026-02-22 12:43:41'),
('HSD-1D4728A5', 'PND-CAA1221D', 'DG040525-3319-0018', '2025-05-04 10:49:00', 1, 'double', 'sudah', 'baru', '2026-02-22 12:43:42', '2026-02-22 12:43:42'),
('HSD-1D517CCC', 'PND-C05F1CE2', 'DG010225-3319-0007', '2025-02-01 11:03:00', 8, 'double', 'sudah', 'ulang', '2026-02-22 12:43:41', '2026-02-22 12:43:41'),
('HSD-1D684D94', 'PND-27B6C0B0', 'DG020425-3319-0051', '2025-04-02 19:55:00', 5, 'double', 'sudah', 'ulang', '2026-02-22 12:43:41', '2026-02-22 12:43:41'),
('HSD-1D9DB28D', 'PND-B9E3BFA4', 'DG060125-3319-0039', '2025-01-06 21:03:00', 1, 'double', 'sudah', 'baru', '2026-02-22 12:43:43', '2026-02-22 12:43:43'),
('HSD-1DC48F97', 'PND-F7316D8C', 'DG080125-3319-0002', '2025-01-08 10:59:00', 36, 'double', 'sudah', 'ulang', '2026-02-22 12:43:43', '2026-02-22 12:43:43'),
('HSD-1DFE95A9', 'PND-253B4DAA', 'DG080225-3319-0031', '2025-02-08 20:04:00', 11, 'double', 'sudah', 'ulang', '2026-02-22 12:43:44', '2026-02-22 12:43:44'),
('HSD-1E0CCEA1', 'PND-F64E92A8', 'DG060125-3319-0030', '2025-01-06 19:46:00', 45, 'double', 'sudah', 'ulang', '2026-02-22 12:43:43', '2026-02-22 12:43:43'),
('HSD-1E3AADC1', 'PND-120E1A36', 'DG020325-3319-0003', '2025-03-02 12:33:00', 9, 'double', 'sudah', 'ulang', '2026-02-22 12:43:41', '2026-02-22 12:43:41'),
('HSD-1E5E1F3F', 'PND-5B002283', 'DG080225-3319-0022', '2025-02-08 16:43:00', 7, 'double', 'sudah', 'ulang', '2026-02-22 12:43:44', '2026-02-22 12:43:44'),
('HSD-1E620603', 'PND-8BA3E4B7', 'DG050425-3319-0075', '2025-04-05 21:37:00', 7, 'triple', 'sudah', 'ulang', '2026-02-22 12:43:43', '2026-02-22 12:43:43'),
('HSD-1ED7614C', 'PND-09B12280', 'DG050125-3319-0021', '2025-01-05 17:23:00', 1, 'double', 'sudah', 'baru', '2026-02-22 12:43:42', '2026-02-22 12:43:42'),
('HSD-1F17B869', 'PND-8018E795', 'DG030525-3319-0022', '2025-05-03 17:42:00', 4, 'double', 'sudah', 'ulang', '2026-02-22 12:43:42', '2026-02-22 12:43:42'),
('HSD-1F93695A', 'PND-B9D114BD', 'DG070425-3319-0037', '2025-04-07 16:27:00', 4, 'double', 'sudah', 'ulang', '2026-02-22 12:43:43', '2026-02-22 12:43:43'),
('HSD-1FCE4FC4', 'PND-17DE031C', 'DG040225-3319-0014', '2025-02-04 12:41:00', 3, 'double', 'sudah', 'ulang', '2026-02-22 12:43:42', '2026-02-22 12:43:42'),
('HSD-2030B456', 'PND-5C00AE71', 'DG060425-3319-0048', '2025-04-06 16:03:00', 1, 'double', 'sudah', 'baru', '2026-02-22 12:43:43', '2026-02-22 12:43:43'),
('HSD-203AF4EA', 'PND-FE0BB25F', 'DG050225-3319-0014', '2025-02-05 12:46:00', 9, 'double', 'sudah', 'ulang', '2026-02-22 12:43:42', '2026-02-22 12:43:42'),
('HSD-2053EAFA', 'PND-FBF9E820', 'DG010425-3319-0005', '2025-04-01 09:06:00', 38, 'double', 'sudah', 'ulang', '2026-02-22 12:43:41', '2026-02-22 12:43:41'),
('HSD-20CC380A', 'PND-1A272CDE', 'DG040125-3319-0023', '2025-01-04 17:08:00', 23, 'double', 'sudah', 'ulang', '2026-02-22 12:43:42', '2026-02-22 12:43:42'),
('HSD-20E6BB07', 'PND-4D1644B6', 'DG050525-3319-0005', '2025-05-05 10:27:00', 15, 'double', 'sudah', 'ulang', '2026-02-22 12:43:43', '2026-02-22 12:43:43'),
('HSD-211037B7', 'PND-7F95804A', 'DG060125-3319-0003', '2025-01-06 09:41:00', 57, 'double', 'sudah', 'ulang', '2026-02-22 12:43:43', '2026-02-22 12:43:43'),
('HSD-213A812A', 'PND-87B86E6C', 'DG060425-3319-0017', '2025-04-06 10:08:00', 7, 'triple', 'sudah', 'ulang', '2026-02-22 12:43:43', '2026-02-22 12:43:43'),
('HSD-21814E32', 'PND-51703DA6', 'DG050325-3319-0011', '2025-03-05 17:11:00', 29, 'triple', 'sudah', 'ulang', '2026-02-22 12:43:42', '2026-02-22 12:43:42'),
('HSD-21E974BD', 'PND-A9D847F2', 'DG030425-3319-0049', '2025-04-03 15:58:00', 3, 'double', 'sudah', 'ulang', '2026-02-22 12:43:42', '2026-02-22 12:43:42'),
('HSD-21F8B54C', 'PND-0F961AEF', 'DG030425-3319-0021', '2025-04-03 09:15:00', 1, 'double', 'sudah', 'baru', '2026-02-22 12:43:42', '2026-02-22 12:43:42'),
('HSD-223B9B81', 'PND-159FA97B', 'DG040525-3319-0048', '2025-05-04 19:34:00', 19, 'double', 'sudah', 'ulang', '2026-02-22 12:43:42', '2026-02-22 12:43:42'),
('HSD-2259EE31', 'PND-83A4A10E', 'DG020325-3319-0022', '2025-03-02 20:45:00', 38, 'double', 'sudah', 'ulang', '2026-02-22 12:43:41', '2026-02-22 12:43:41'),
('HSD-22E09217', 'PND-D64B22EA', 'DG030125-3319-0028', '2025-01-03 19:19:00', 4, 'double', 'sudah', 'ulang', '2026-02-22 12:43:42', '2026-02-22 12:43:42'),
('HSD-2329FD1F', 'PND-D50BB869', 'DG050425-3319-0091', '2025-04-05 23:52:00', 1, 'triple', 'sudah', 'baru', '2026-02-22 12:43:43', '2026-02-22 12:43:43'),
('HSD-238CA9ED', 'PND-61C4B18B', 'DG020425-3319-0048', '2025-04-02 19:40:00', 8, 'double', 'sudah', 'ulang', '2026-02-22 12:43:41', '2026-02-22 12:43:41'),
('HSD-23A3EAAC', 'PND-5E7342A2', 'DG040325-3319-0015', '2025-03-04 19:51:00', 2, 'triple', 'sudah', 'ulang', '2026-02-22 12:43:42', '2026-02-22 12:43:42'),
('HSD-241B8C6D', 'PND-F3CB83CC', 'DG030525-3319-0029', '2025-05-03 19:33:00', 12, 'double', 'sudah', 'ulang', '2026-02-22 12:43:42', '2026-02-22 12:43:42'),
('HSD-24343FE3', 'PND-93D93F6B', 'DG030425-3319-0008', '2025-04-03 00:49:00', 1, 'double', 'sudah', 'baru', '2026-02-22 12:43:42', '2026-02-22 12:43:42'),
('HSD-247F97B3', 'PND-59DCAA7C', 'DG060425-3319-0008', '2025-04-06 08:02:00', 13, 'double', 'sudah', 'ulang', '2026-02-22 12:43:43', '2026-02-22 12:43:43'),
('HSD-249D39A2', 'PND-1721D491', 'DG050125-3319-0010', '2025-01-05 12:45:00', 3, 'double', 'sudah', 'ulang', '2026-02-22 12:43:42', '2026-02-22 12:43:42'),
('HSD-257496FD', 'PND-43F6F562', 'DG070425-3319-0039', '2025-04-07 16:47:00', 2, 'double', 'sudah', 'ulang', '2026-02-22 12:43:43', '2026-02-22 12:43:43'),
('HSD-2640414C', 'PND-9717E553', 'DG040125-3319-0003', '2025-01-04 08:26:00', 99, 'double', 'sudah', 'ulang', '2026-02-22 12:43:42', '2026-02-22 12:43:42'),
('HSD-26731D2E', 'PND-FDF85A84', 'DG060325-3319-0014', '2025-03-06 20:47:00', 8, 'triple', 'sudah', 'ulang', '2026-02-22 12:43:43', '2026-02-22 12:43:43'),
('HSD-26ECCC90', 'PND-F6B4BC9E', 'DG060525-3319-0014', '2025-05-06 14:51:00', 1, 'double', 'sudah', 'baru', '2026-02-22 12:43:43', '2026-02-22 12:43:43'),
('HSD-2749902C', 'PND-ECD8DF4D', 'DG070425-3319-0019', '2025-04-07 11:27:00', 1, 'triple', 'sudah', 'baru', '2026-02-22 12:43:43', '2026-02-22 12:43:43'),
('HSD-278C967F', 'PND-F460F19A', 'DG070425-3319-0048', '2025-04-07 18:15:00', 31, 'double', 'sudah', 'ulang', '2026-02-22 12:43:43', '2026-02-22 12:43:43'),
('HSD-27A9C568', 'PND-48198727', 'DG010225-3319-0011', '2025-02-01 14:21:00', 35, 'double', 'sudah', 'ulang', '2026-02-22 12:43:41', '2026-02-22 12:43:41'),
('HSD-281249BA', 'PND-D95E6846', 'DG040225-3319-0050', '2025-02-04 13:16:00', 1, 'double', 'sudah', 'baru', '2026-02-22 12:43:42', '2026-02-22 12:43:42'),
('HSD-281CAF0B', 'PND-D16AC08C', 'DG050425-3319-0002', '2025-04-05 00:17:00', 6, 'triple', 'sudah', 'ulang', '2026-02-22 12:43:42', '2026-02-22 12:43:42'),
('HSD-281E11CA', 'PND-FDFBEE44', 'DG040425-3319-0067', '2025-04-04 19:50:00', 20, 'double', 'sudah', 'ulang', '2026-02-22 12:43:42', '2026-02-22 12:43:42'),
('HSD-282990C8', 'PND-5D5EEF1C', 'DG070225-3319-0002', '2025-02-07 00:04:00', 1, 'double', 'sudah', 'baru', '2026-02-22 12:43:43', '2026-02-22 12:43:43'),
('HSD-28AD5CD1', 'PND-67B58F7B', 'DG050425-3319-0048', '2025-04-05 17:16:00', 11, 'double', 'sudah', 'ulang', '2026-02-22 12:43:42', '2026-02-22 12:43:42'),
('HSD-2964C827', 'PND-AB2780E2', 'DG060125-3319-0037', '2025-01-06 20:59:00', 1, 'double', 'sudah', 'baru', '2026-02-22 12:43:43', '2026-02-22 12:43:43'),
('HSD-297C3DA8', 'PND-3A951EF8', 'DG020425-3319-0016', '2025-04-02 11:48:00', 16, 'double', 'sudah', 'ulang', '2026-02-22 12:43:41', '2026-02-22 12:43:41'),
('HSD-29BDCC52', 'PND-E44D1758', 'DG070225-3319-0005', '2025-02-07 09:59:00', 73, 'double', 'sudah', 'ulang', '2026-02-22 12:43:43', '2026-02-22 12:43:43'),
('HSD-29C4C88D', 'PND-BCF8B93D', 'DG030125-3319-0006', '2025-01-03 11:41:00', 3, 'triple', 'sudah', 'ulang', '2026-02-22 12:43:41', '2026-02-22 12:43:41'),
('HSD-2A202325', 'PND-288546D1', 'DG050425-3319-0052', '2025-04-05 18:12:00', 24, 'double', 'sudah', 'ulang', '2026-02-22 12:43:42', '2026-02-22 12:43:42'),
('HSD-2A30273F', 'PND-488F6376', 'DG060525-3319-0010', '2025-05-06 12:49:00', 37, 'double', 'sudah', 'ulang', '2026-02-22 12:43:43', '2026-02-22 12:43:43'),
('HSD-2A7B0353', 'PND-36EAEB3D', 'DG050325-3319-0010', '2025-03-05 16:37:00', 23, 'triple', 'sudah', 'ulang', '2026-02-22 12:43:42', '2026-02-22 12:43:42'),
('HSD-2B3EDF4F', 'PND-59CB8876', 'DG070425-3319-0005', '2025-04-07 08:54:00', 3, 'double', 'sudah', 'ulang', '2026-02-22 12:43:43', '2026-02-22 12:43:43'),
('HSD-2B43EF00', 'PND-6D923197', 'DG050325-3319-0022', '2025-03-05 20:31:00', 17, 'triple', 'sudah', 'ulang', '2026-02-22 12:43:42', '2026-02-22 12:43:42'),
('HSD-2B48D16E', 'PND-24767F22', 'DG080125-3319-0015', '2025-01-08 19:15:00', 14, 'triple', 'sudah', 'ulang', '2026-02-22 12:43:43', '2026-02-22 12:43:43'),
('HSD-2B547A70', 'PND-27116AE1', 'DG060425-3319-0059', '2025-04-06 18:40:00', 3, 'double', 'sudah', 'ulang', '2026-02-22 12:43:43', '2026-02-22 12:43:43'),
('HSD-2B6183A5', 'PND-5533CBA6', 'DG060225-3319-0010', '2025-02-06 20:40:00', 28, 'double', 'sudah', 'ulang', '2026-02-22 12:43:43', '2026-02-22 12:43:43'),
('HSD-2C16E4A8', 'PND-57B2A5DC', 'DG070425-3319-0040', '2025-04-07 16:52:00', 6, 'double', 'sudah', 'ulang', '2026-02-22 12:43:43', '2026-02-22 12:43:43'),
('HSD-2C2FD375', 'PND-E2D14D16', 'DG030125-3319-0018', '2025-01-03 13:52:00', 2, 'triple', 'sudah', 'ulang', '2026-02-22 12:43:41', '2026-02-22 12:43:41'),
('HSD-2C327B0E', 'PND-7413F449', 'DG040225-3319-0010', '2025-02-04 12:30:00', 22, 'double', 'sudah', 'ulang', '2026-02-22 12:43:42', '2026-02-22 12:43:42'),
('HSD-2C4BC6C7', 'PND-C04C3CBB', 'DG070425-3319-0030', '2025-04-07 14:05:00', 9, 'double', 'sudah', 'ulang', '2026-02-22 12:43:43', '2026-02-22 12:43:43'),
('HSD-2C640597', 'PND-27207400', 'DG080125-3319-0006', '2025-01-08 12:29:00', 1, 'double', 'sudah', 'baru', '2026-02-22 12:43:43', '2026-02-22 12:43:43'),
('HSD-2CEA1011', 'PND-8C85EBFD', 'DG040325-3319-0008', '2025-03-04 15:17:00', 12, 'triple', 'sudah', 'ulang', '2026-02-22 12:43:42', '2026-02-22 12:43:42'),
('HSD-2CF85EEE', 'PND-8038D1C4', 'DG030425-3319-0040', '2025-04-03 13:28:00', 17, 'double', 'sudah', 'ulang', '2026-02-22 12:43:42', '2026-02-22 12:43:42'),
('HSD-2D0453CE', 'PND-CC08163E', 'DG080225-3319-0024', '2025-02-08 17:59:00', 18, 'double', 'sudah', 'ulang', '2026-02-22 12:43:44', '2026-02-22 12:43:44'),
('HSD-2D0C9CBB', 'PND-45FECDCB', 'DG040225-3319-0054', '2025-02-04 16:12:00', 2, 'double', 'sudah', 'ulang', '2026-02-22 12:43:42', '2026-02-22 12:43:42'),
('HSD-2D592697', 'PND-A145A9F6', 'DG040525-3319-0019', '2025-05-04 10:56:00', 35, 'double', 'sudah', 'ulang', '2026-02-22 12:43:42', '2026-02-22 12:43:42'),
('HSD-2D8867C7', 'PND-4EB18A85', 'DG010425-3319-0029', '2025-04-01 19:34:00', 1, 'triple', 'sudah', 'baru', '2026-02-22 12:43:41', '2026-02-22 12:43:41'),
('HSD-2F1CA862', 'PND-3F636A74', 'DG060425-3319-0050', '2025-04-06 16:34:00', 3, 'double', 'sudah', 'ulang', '2026-02-22 12:43:43', '2026-02-22 12:43:43'),
('HSD-2F374015', 'PND-76D4AC3A', 'DG010125-3319-0015', '2025-01-01 20:17:00', 16, 'double', 'sudah', 'ulang', '2026-02-22 12:43:41', '2026-02-22 12:43:41'),
('HSD-2FE187CF', 'PND-6003859A', 'DG030225-3319-0013', '2025-02-03 17:05:00', 22, 'double', 'sudah', 'ulang', '2026-02-22 12:43:42', '2026-02-22 12:43:42'),
('HSD-300EF7F4', 'PND-7D455BA1', 'DG040125-3319-0015', '2025-01-04 13:41:00', 2, 'double', 'sudah', 'ulang', '2026-02-22 12:43:42', '2026-02-22 12:43:42'),
('HSD-3011B4D5', 'PND-2CC44691', 'DG080125-3319-0028', '2025-01-08 23:08:00', 1, 'double', 'sudah', 'baru', '2026-02-22 12:43:43', '2026-02-22 12:43:43'),
('HSD-306ECA1D', 'PND-06E1F248', 'DG070225-3319-0035', '2025-02-07 19:49:00', 3, 'double', 'sudah', 'ulang', '2026-02-22 12:43:43', '2026-02-22 12:43:43'),
('HSD-30BACE94', 'PND-39CF7A3A', 'DG090125-3319-0012', '2025-01-09 19:33:00', 4, 'double', 'sudah', 'ulang', '2026-02-22 12:43:44', '2026-02-22 12:43:44'),
('HSD-30C0865D', 'PND-2686FD16', 'DG030425-3319-0006', '2025-04-03 00:45:00', 1, 'double', 'sudah', 'baru', '2026-02-22 12:43:42', '2026-02-22 12:43:42'),
('HSD-30C6E5B9', 'PND-D3362E8C', 'DG050425-3319-0080', '2025-04-05 22:09:00', 2, 'triple', 'sudah', 'ulang', '2026-02-22 12:43:43', '2026-02-22 12:43:43'),
('HSD-30E1F15D', 'PND-5C6EF15D', 'DG070225-3319-0008', '2025-02-07 11:09:00', 1, 'double', 'sudah', 'baru', '2026-02-22 12:43:43', '2026-02-22 12:43:43'),
('HSD-30F64149', 'PND-36172673', 'DG050125-3319-0024', '2025-01-05 17:58:00', 26, 'double', 'sudah', 'ulang', '2026-02-22 12:43:42', '2026-02-22 12:43:42'),
('HSD-3156DD75', 'PND-E1A1D5E1', 'DG090125-3319-0001', '2025-01-09 09:05:00', 43, 'double', 'sudah', 'ulang', '2026-02-22 12:43:44', '2026-02-22 12:43:44'),
('HSD-31838D12', 'PND-3E8501CF', 'DG030125-3319-0031', '2025-01-03 20:40:00', 22, 'double', 'sudah', 'ulang', '2026-02-22 12:43:42', '2026-02-22 12:43:42'),
('HSD-3187F31E', 'PND-5266A95D', 'DG030225-3319-0016', '2025-02-03 18:37:00', 15, 'double', 'sudah', 'ulang', '2026-02-22 12:43:42', '2026-02-22 12:43:42'),
('HSD-31C19623', 'PND-48198727', 'DG030525-3319-0002', '2025-05-03 08:40:00', 36, 'double', 'sudah', 'ulang', '2026-02-22 12:43:42', '2026-02-22 12:43:42'),
('HSD-32387056', 'PND-EDF21141', 'DG050425-3319-0089', '2025-04-05 23:49:00', 1, 'double', 'sudah', 'baru', '2026-02-22 12:43:43', '2026-02-22 12:43:43'),
('HSD-323A1103', 'PND-19C1F329', 'DG040525-3319-0051', '2025-05-04 20:52:00', 2, 'double', 'sudah', 'ulang', '2026-02-22 12:43:42', '2026-02-22 12:43:42'),
('HSD-32C48472', 'PND-36DBADBB', 'DG020425-3319-0012', '2025-04-02 11:05:00', 4, 'double', 'sudah', 'ulang', '2026-02-22 12:43:41', '2026-02-22 12:43:41'),
('HSD-32DD6352', 'PND-16DAEF14', 'DG020325-3319-0008', '2025-03-02 16:03:00', 17, 'triple', 'sudah', 'ulang', '2026-02-22 12:43:41', '2026-02-22 12:43:41'),
('HSD-334341D2', 'PND-05D75CF5', 'DG090125-3319-0005', '2025-01-09 11:49:00', 5, 'triple', 'sudah', 'ulang', '2026-02-22 12:43:44', '2026-02-22 12:43:44'),
('HSD-33B8E314', 'PND-AD0C2082', 'DG050525-3319-0034', '2025-05-05 20:40:00', 1, 'double', 'sudah', 'baru', '2026-02-22 12:43:43', '2026-02-22 12:43:43'),
('HSD-34290CEB', 'PND-61484443', 'DG040225-3319-0028', '2025-02-04 12:56:00', 8, 'double', 'sudah', 'ulang', '2026-02-22 12:43:42', '2026-02-22 12:43:42'),
('HSD-34493CC7', 'PND-4A476DC6', 'DG030425-3319-0064', '2025-04-03 18:02:00', 1, 'double', 'sudah', 'baru', '2026-02-22 12:43:42', '2026-02-22 12:43:42'),
('HSD-34F850A2', 'PND-75D6DAE9', 'DG050225-3319-0002', '2025-02-05 09:47:00', 8, 'double', 'sudah', 'ulang', '2026-02-22 12:43:42', '2026-02-22 12:43:42'),
('HSD-35137D44', 'PND-7AA437F4', 'DG020125-3319-0002', '2025-01-02 09:46:00', 61, 'triple', 'sudah', 'ulang', '2026-02-22 12:43:41', '2026-02-22 12:43:41'),
('HSD-37910677', 'PND-A2A6439B', 'DG020125-3319-0007', '2025-01-02 14:46:00', 13, 'double', 'sudah', 'ulang', '2026-02-22 12:43:41', '2026-02-22 12:43:41'),
('HSD-3837D823', 'PND-DAB2C5E4', 'DG080225-3319-0011', '2025-02-08 11:12:00', 64, 'double', 'sudah', 'ulang', '2026-02-22 12:43:44', '2026-02-22 12:43:44'),
('HSD-389D5ABC', 'PND-D8295312', 'DG080225-3319-0027', '2025-02-08 19:07:00', 13, 'double', 'sudah', 'ulang', '2026-02-22 12:43:44', '2026-02-22 12:43:44'),
('HSD-38CD9E77', 'PND-2994DB0D', 'DG050325-3319-0006', '2025-03-05 11:28:00', 9, 'double', 'sudah', 'ulang', '2026-02-22 12:43:42', '2026-02-22 12:43:42'),
('HSD-38FA424A', 'PND-66BDAD02', 'DG070225-3319-0024', '2025-02-07 16:01:00', 1, 'double', 'sudah', 'baru', '2026-02-22 12:43:43', '2026-02-22 12:43:43'),
('HSD-3A62E7BE', 'PND-99F1A0F8', 'DG090125-3319-0015', '2025-01-09 20:16:00', 14, 'double', 'sudah', 'ulang', '2026-02-22 12:43:44', '2026-02-22 12:43:44'),
('HSD-3A722971', 'PND-5D12CDE7', 'DG080125-3319-0026', '2025-01-08 22:20:00', 21, 'double', 'sudah', 'ulang', '2026-02-22 12:43:43', '2026-02-22 12:43:43'),
('HSD-3AA39819', 'PND-08F12487', 'DG040225-3319-0036', '2025-02-04 13:00:00', 47, 'double', 'sudah', 'ulang', '2026-02-22 12:43:42', '2026-02-22 12:43:42'),
('HSD-3AB6A818', 'PND-BB8E5F01', 'DG070225-3319-0012', '2025-02-07 11:52:00', 1, 'double', 'sudah', 'baru', '2026-02-22 12:43:43', '2026-02-22 12:43:43'),
('HSD-3B01EBA2', 'PND-C7A1F319', 'DG020325-3319-0007', '2025-03-02 15:31:00', 20, 'triple', 'sudah', 'ulang', '2026-02-22 12:43:41', '2026-02-22 12:43:41'),
('HSD-3B6F49B3', 'PND-E4F130B0', 'DG080425-3319-0061', '2025-04-08 23:45:00', 1, 'double', 'sudah', 'baru', '2026-02-22 12:43:44', '2026-02-22 12:43:44'),
('HSD-3D10B728', 'PND-7BC49B79', 'DG040325-3319-0016', '2025-03-04 19:56:00', 5, 'double', 'sudah', 'ulang', '2026-02-22 12:43:42', '2026-02-22 12:43:42'),
('HSD-3D1207C2', 'PND-07D2807D', 'DG040525-3319-0042', '2025-05-04 18:21:00', 16, 'double', 'sudah', 'ulang', '2026-02-22 12:43:42', '2026-02-22 12:43:42'),
('HSD-3DA155DA', 'PND-FC4AC45F', 'DG090225-3319-0008', '2025-02-09 15:53:00', 2, 'double', 'sudah', 'ulang', '2026-02-22 12:43:44', '2026-02-22 12:43:44'),
('HSD-3E0CF03D', 'PND-37706364', 'DG080425-3319-0024', '2025-04-08 13:01:00', 20, 'double', 'sudah', 'ulang', '2026-02-22 12:43:44', '2026-02-22 12:43:44'),
('HSD-3E42C67F', 'PND-A7F51322', 'DG050425-3319-0082', '2025-04-05 22:24:00', 2, 'double', 'sudah', 'ulang', '2026-02-22 12:43:43', '2026-02-22 12:43:43'),
('HSD-3E7A2392', 'PND-61B4ADA8', 'DG030425-3319-0056', '2025-04-03 17:17:00', 1, 'double', 'sudah', 'baru', '2026-02-22 12:43:42', '2026-02-22 12:43:42'),
('HSD-3EB1BC45', 'PND-6899BF04', 'DG080425-3319-0038', '2025-04-08 16:54:00', 5, 'double', 'sudah', 'ulang', '2026-02-22 12:43:44', '2026-02-22 12:43:44'),
('HSD-3F4BE21A', 'PND-292F56AE', 'DG010425-3319-0026', '2025-04-01 18:53:00', 11, 'triple', 'sudah', 'ulang', '2026-02-22 12:43:41', '2026-02-22 12:43:41'),
('HSD-3F8373CE', 'PND-636C2438', 'DG080125-3319-0020', '2025-01-08 19:50:00', 12, 'double', 'sudah', 'ulang', '2026-02-22 12:43:43', '2026-02-22 12:43:43'),
('HSD-41039FD4', 'PND-2B01FAD5', 'DG060125-3319-0038', '2025-01-06 21:02:00', 1, 'double', 'sudah', 'baru', '2026-02-22 12:43:43', '2026-02-22 12:43:43'),
('HSD-41433711', 'PND-5E70AEEB', 'DG040525-3319-0026', '2025-05-04 11:57:00', 1, 'double', 'sudah', 'baru', '2026-02-22 12:43:42', '2026-02-22 12:43:42'),
('HSD-4145C0CD', 'PND-26297141', 'DG060325-3319-0011', '2025-03-06 19:20:00', 41, 'double', 'sudah', 'ulang', '2026-02-22 12:43:43', '2026-02-22 12:43:43'),
('HSD-41F3AA67', 'PND-3F320240', 'DG010125-3319-0016', '2025-01-01 20:22:00', 3, 'double', 'sudah', 'ulang', '2026-02-22 12:43:41', '2026-02-22 12:43:41'),
('HSD-4205105B', 'PND-B191213D', 'DG040425-3319-0036', '2025-04-04 13:25:00', 31, 'double', 'sudah', 'ulang', '2026-02-22 12:43:42', '2026-02-22 12:43:42'),
('HSD-425E5CD9', 'PND-7F7B0D2E', 'DG040425-3319-0025', '2025-04-04 11:02:00', 13, 'double', 'sudah', 'ulang', '2026-02-22 12:43:42', '2026-02-22 12:43:42'),
('HSD-43051827', 'PND-47061007', 'DG060125-3319-0014', '2025-01-06 14:21:00', 104, 'double', 'sudah', 'ulang', '2026-02-22 12:43:43', '2026-02-22 12:43:43'),
('HSD-43D63230', 'PND-5C3D25FD', 'DG020525-3319-0020', '2025-05-02 15:31:00', 97, 'double', 'sudah', 'ulang', '2026-02-22 12:43:41', '2026-02-22 12:43:41'),
('HSD-44A3223E', 'PND-D0C4CB42', 'DG010325-3319-0017', '2025-03-01 22:10:00', 13, 'double', 'sudah', 'ulang', '2026-02-22 12:43:41', '2026-02-22 12:43:41'),
('HSD-44BAE0C0', 'PND-2C266866', 'DG050425-3319-0057', '2025-04-05 18:49:00', 1, 'double', 'sudah', 'baru', '2026-02-22 12:43:43', '2026-02-22 12:43:43'),
('HSD-44C07218', 'PND-2AD29A6C', 'DG020125-3319-0014', '2025-01-02 19:21:00', 9, 'double', 'sudah', 'ulang', '2026-02-22 12:43:41', '2026-02-22 12:43:41'),
('HSD-44D8418B', 'PND-1C2DEE14', 'DG050525-3319-0002', '2025-05-05 08:19:00', 21, 'double', 'sudah', 'ulang', '2026-02-22 12:43:43', '2026-02-22 12:43:43'),
('HSD-454296C9', 'PND-678B53F9', 'DG040225-3319-0033', '2025-02-04 12:58:00', 15, 'double', 'sudah', 'ulang', '2026-02-22 12:43:42', '2026-02-22 12:43:42'),
('HSD-458F2D74', 'PND-9CB500DC', 'DG060425-3319-0011', '2025-04-06 08:23:00', 12, 'double', 'sudah', 'ulang', '2026-02-22 12:43:43', '2026-02-22 12:43:43'),
('HSD-45985213', 'PND-7C921B29', 'DG080425-3319-0029', '2025-04-08 14:49:00', 14, 'triple', 'sudah', 'ulang', '2026-02-22 12:43:44', '2026-02-22 12:43:44'),
('HSD-46476547', 'PND-BE666444', 'DG080225-3319-0030', '2025-02-08 19:58:00', 14, 'double', 'sudah', 'ulang', '2026-02-22 12:43:44', '2026-02-22 12:43:44'),
('HSD-466B598D', 'PND-C87E24DB', 'DG020325-3319-0013', '2025-03-02 20:10:00', 4, 'double', 'sudah', 'ulang', '2026-02-22 12:43:41', '2026-02-22 12:43:41'),
('HSD-4683DE42', 'PND-0121E740', 'DG060125-3319-0001', '2025-01-06 09:10:00', 69, 'double', 'sudah', 'ulang', '2026-02-22 12:43:43', '2026-02-22 12:43:43'),
('HSD-46D21B19', 'PND-A3BBC7D3', 'DG030425-3319-0070', '2025-04-03 20:22:00', 1, 'triple', 'sudah', 'baru', '2026-02-22 12:43:42', '2026-02-22 12:43:42'),
('HSD-4776F541', 'PND-4DD6901E', 'DG060425-3319-0041', '2025-04-06 14:20:00', 9, 'double', 'sudah', 'ulang', '2026-02-22 12:43:43', '2026-02-22 12:43:43'),
('HSD-477B0215', 'PND-F02E86C9', 'DG010525-3319-0001', '2025-05-01 08:37:00', 18, 'double', 'sudah', 'ulang', '2026-02-22 12:43:41', '2026-02-22 12:43:41'),
('HSD-47A2BB8D', 'PND-EF3C53A4', 'DG030525-3319-0025', '2025-05-03 18:35:00', 11, 'double', 'sudah', 'ulang', '2026-02-22 12:43:42', '2026-02-22 12:43:42'),
('HSD-47F6D43A', 'PND-E981852C', 'DG020425-3319-0045', '2025-04-02 19:28:00', 39, 'double', 'sudah', 'ulang', '2026-02-22 12:43:41', '2026-02-22 12:43:41'),
('HSD-47F908B7', 'PND-CAD683AF', 'DG030425-3319-0024', '2025-04-03 09:42:00', 2, 'double', 'sudah', 'ulang', '2026-02-22 12:43:42', '2026-02-22 12:43:42'),
('HSD-48041F37', 'PND-0B983DD7', 'DG070125-3319-0018', '2025-01-07 19:34:00', 7, 'triple', 'sudah', 'ulang', '2026-02-22 12:43:43', '2026-02-22 12:43:43'),
('HSD-4815F5E7', 'PND-1B5396DC', 'DG030425-3319-0077', '2025-04-03 21:22:00', 5, 'double', 'sudah', 'ulang', '2026-02-22 12:43:42', '2026-02-22 12:43:42'),
('HSD-49351F60', 'PND-DFD9992E', 'DG060425-3319-0030', '2025-04-06 12:15:00', 1, 'double', 'sudah', 'baru', '2026-02-22 12:43:43', '2026-02-22 12:43:43'),
('HSD-493885D1', 'PND-C678E83A', 'DG060125-3319-0028', '2025-01-06 19:45:00', 46, 'double', 'sudah', 'ulang', '2026-02-22 12:43:43', '2026-02-22 12:43:43'),
('HSD-497E70FB', 'PND-A4E0F8E0', 'DG080525-3319-0007', '2025-05-08 11:32:00', 3, 'double', 'sudah', 'ulang', '2026-02-22 12:43:44', '2026-02-22 12:43:44'),
('HSD-4980BFA8', 'PND-1B64ADE3', 'DG050525-3319-0030', '2025-05-05 20:25:00', 27, 'double', 'sudah', 'ulang', '2026-02-22 12:43:43', '2026-02-22 12:43:43'),
('HSD-49ADEE6A', 'PND-5C3D25FD', 'DG020125-3319-0006', '2025-01-02 14:26:00', 95, 'double', 'sudah', 'ulang', '2026-02-22 12:43:41', '2026-02-22 12:43:41'),
('HSD-49EF2F64', 'PND-488F6376', 'DG060325-3319-0001', '2025-03-06 00:26:00', 36, 'double', 'sudah', 'ulang', '2026-02-22 12:43:43', '2026-02-22 12:43:43'),
('HSD-4A9A337A', 'PND-1E77DD76', 'DG010325-3319-0008', '2025-03-01 16:35:00', 31, 'double', 'sudah', 'ulang', '2026-02-22 12:43:41', '2026-02-22 12:43:41'),
('HSD-4AE78DCC', 'PND-74C58ED8', 'DG020325-3319-0005', '2025-03-02 13:33:00', 32, 'double', 'sudah', 'ulang', '2026-02-22 12:43:41', '2026-02-22 12:43:41'),
('HSD-4BC0E6EB', 'PND-585AF710', 'DG020325-3319-0021', '2025-03-02 20:44:00', 20, 'double', 'sudah', 'ulang', '2026-02-22 12:43:41', '2026-02-22 12:43:41'),
('HSD-4C0D09C4', 'PND-38B67D2B', 'DG060225-3319-0004', '2025-02-06 19:08:00', 36, 'double', 'sudah', 'ulang', '2026-02-22 12:43:43', '2026-02-22 12:43:43'),
('HSD-4C52EBEE', 'PND-93138CC6', 'DG080125-3319-0003', '2025-01-08 11:29:00', 1, 'double', 'sudah', 'baru', '2026-02-22 12:43:43', '2026-02-22 12:43:43'),
('HSD-4C7BB07B', 'PND-BE170379', 'DG030225-3319-0007', '2025-02-03 11:35:00', 106, 'double', 'sudah', 'ulang', '2026-02-22 12:43:42', '2026-02-22 12:43:42'),
('HSD-4CAAE312', 'PND-4B05A4D9', 'DG030125-3319-0016', '2025-01-03 13:24:00', 4, 'double', 'sudah', 'ulang', '2026-02-22 12:43:41', '2026-02-22 12:43:41'),
('HSD-4D254AC9', 'PND-CC5A937B', 'DG080225-3319-0032', '2025-02-08 20:35:00', 1, 'double', 'sudah', 'baru', '2026-02-22 12:43:44', '2026-02-22 12:43:44'),
('HSD-4D41DA28', 'PND-52AE9B2A', 'DG070425-3319-0015', '2025-04-07 10:42:00', 8, 'triple', 'sudah', 'ulang', '2026-02-22 12:43:43', '2026-02-22 12:43:43'),
('HSD-4DA7B7AD', 'PND-6EB7EFAE', 'DG040525-3319-0056', '2025-05-04 21:09:00', 1, 'double', 'sudah', 'baru', '2026-02-22 12:43:42', '2026-02-22 12:43:42'),
('HSD-4DE1C01D', 'PND-A8D24D79', 'DG060425-3319-0015', '2025-04-06 09:27:00', 42, 'double', 'sudah', 'ulang', '2026-02-22 12:43:43', '2026-02-22 12:43:43'),
('HSD-4E69636F', 'PND-EFB4EC61', 'DG070425-3319-0014', '2025-04-07 10:31:00', 1, 'triple', 'sudah', 'baru', '2026-02-22 12:43:43', '2026-02-22 12:43:43'),
('HSD-4E7A7CB3', 'PND-AD7477E4', 'DG020325-3319-0024', '2025-03-02 20:52:00', 61, 'double', 'sudah', 'ulang', '2026-02-22 12:43:41', '2026-02-22 12:43:41'),
('HSD-4E8E3144', 'PND-3F41BF02', 'DG020225-3319-0001', '2025-02-02 09:18:00', 24, 'double', 'sudah', 'ulang', '2026-02-22 12:43:41', '2026-02-22 12:43:41'),
('HSD-4EFC605F', 'PND-8B68D9FE', 'DG050425-3319-0063', '2025-04-05 19:47:00', 9, 'double', 'sudah', 'ulang', '2026-02-22 12:43:43', '2026-02-22 12:43:43'),
('HSD-4F434926', 'PND-B7E2D029', 'DG040425-3319-0076', '2025-04-04 20:57:00', 1, 'double', 'sudah', 'baru', '2026-02-22 12:43:42', '2026-02-22 12:43:42'),
('HSD-4F7F25B6', 'PND-F527E62B', 'DG010325-3319-0009', '2025-03-01 18:31:00', 11, 'double', 'sudah', 'ulang', '2026-02-22 12:43:41', '2026-02-22 12:43:41'),
('HSD-4FC41FC2', 'PND-D093CD12', 'DG040525-3319-0034', '2025-05-04 14:42:00', 61, 'double', 'sudah', 'ulang', '2026-02-22 12:43:42', '2026-02-22 12:43:42'),
('HSD-501DBB63', 'PND-8B8D9341', 'DG040425-3319-0070', '2025-04-04 20:07:00', 35, 'double', 'sudah', 'ulang', '2026-02-22 12:43:42', '2026-02-22 12:43:42'),
('HSD-5085BF33', 'PND-80C7B1F8', 'DG030425-3319-0013', '2025-04-03 01:11:00', 1, 'double', 'sudah', 'baru', '2026-02-22 12:43:42', '2026-02-22 12:43:42'),
('HSD-50B77B71', 'PND-321C5F66', 'DG060125-3319-0004', '2025-01-06 09:48:00', 24, 'double', 'sudah', 'ulang', '2026-02-22 12:43:43', '2026-02-22 12:43:43'),
('HSD-50C4F6B4', 'PND-92C11A6E', 'DG060525-3319-0004', '2025-05-06 08:51:00', 38, 'double', 'sudah', 'ulang', '2026-02-22 12:43:43', '2026-02-22 12:43:43'),
('HSD-5167AF8E', 'PND-B273E705', 'DG020225-3319-0008', '2025-02-02 12:20:00', 39, 'double', 'sudah', 'ulang', '2026-02-22 12:43:41', '2026-02-22 12:43:41'),
('HSD-517999D8', 'PND-2F37EE68', 'DG020425-3319-0061', '2025-04-02 21:16:00', 2, 'double', 'sudah', 'ulang', '2026-02-22 12:43:41', '2026-02-22 12:43:41'),
('HSD-51AA95ED', 'PND-61950192', 'DG060325-3319-0003', '2025-03-06 08:50:00', 8, 'double', 'sudah', 'ulang', '2026-02-22 12:43:43', '2026-02-22 12:43:43'),
('HSD-530D66CA', 'PND-420FF8E9', 'DG080225-3319-0003', '2025-02-08 08:37:00', 1, 'double', 'sudah', 'baru', '2026-02-22 12:43:43', '2026-02-22 12:43:43'),
('HSD-530E929D', 'PND-04481890', 'DG020325-3319-0010', '2025-03-02 19:51:00', 43, 'double', 'sudah', 'ulang', '2026-02-22 12:43:41', '2026-02-22 12:43:41'),
('HSD-53507547', 'PND-E8059207', 'DG040525-3319-0002', '2025-05-04 07:56:00', 17, 'double', 'sudah', 'ulang', '2026-02-22 12:43:42', '2026-02-22 12:43:42'),
('HSD-536129C2', 'PND-49498F9C', 'DG040125-3319-0005', '2025-01-04 09:55:00', 6, 'double', 'sudah', 'ulang', '2026-02-22 12:43:42', '2026-02-22 12:43:42'),
('HSD-538701B3', 'PND-704F6513', 'DG060525-3319-0020', '2025-05-06 17:27:00', 9, 'double', 'sudah', 'ulang', '2026-02-22 12:43:43', '2026-02-22 12:43:43'),
('HSD-53B17FCC', 'PND-E5BB236F', 'DG040425-3319-0023', '2025-04-04 10:26:00', 25, 'double', 'sudah', 'ulang', '2026-02-22 12:43:42', '2026-02-22 12:43:42'),
('HSD-53BA341B', 'PND-C0900107', 'DG050425-3319-0033', '2025-04-05 13:13:00', 2, 'double', 'sudah', 'ulang', '2026-02-22 12:43:42', '2026-02-22 12:43:42'),
('HSD-5441D062', 'PND-7D141CB3', 'DG050425-3319-0038', '2025-04-05 13:52:00', 8, 'double', 'sudah', 'ulang', '2026-02-22 12:43:42', '2026-02-22 12:43:42'),
('HSD-549FFA66', 'PND-2E998E92', 'DG050425-3319-0043', '2025-04-05 15:45:00', 3, 'double', 'sudah', 'ulang', '2026-02-22 12:43:42', '2026-02-22 12:43:42'),
('HSD-54ACD4CF', 'PND-923B19D9', 'DG010525-3319-0003', '2025-05-01 11:03:00', 9, 'double', 'sudah', 'ulang', '2026-02-22 12:43:41', '2026-02-22 12:43:41'),
('HSD-5516F079', 'PND-2724E646', 'DG010425-3319-0023', '2025-04-01 17:23:00', 39, 'double', 'sudah', 'ulang', '2026-02-22 12:43:41', '2026-02-22 12:43:41'),
('HSD-55411E70', 'PND-55DFF27C', 'DG090225-3319-0007', '2025-02-09 15:05:00', 16, 'double', 'sudah', 'ulang', '2026-02-22 12:43:44', '2026-02-22 12:43:44'),
('HSD-55479E47', 'PND-727D32B8', 'DG040525-3319-0030', '2025-05-04 12:59:00', 9, 'double', 'sudah', 'ulang', '2026-02-22 12:43:42', '2026-02-22 12:43:42'),
('HSD-55C62B53', 'PND-F28AC50E', 'DG070425-3319-0057', '2025-04-07 19:45:00', 1, 'double', 'sudah', 'baru', '2026-02-22 12:43:43', '2026-02-22 12:43:43'),
('HSD-55D8AB09', 'PND-21158A10', 'DG090125-3319-0010', '2025-01-09 19:08:00', 48, 'double', 'sudah', 'ulang', '2026-02-22 12:43:44', '2026-02-22 12:43:44'),
('HSD-560F6DA5', 'PND-F7079D62', 'DG020525-3319-0001', '2025-05-02 08:20:00', 36, 'double', 'sudah', 'ulang', '2026-02-22 12:43:41', '2026-02-22 12:43:41'),
('HSD-56481F21', 'PND-68051713', 'DG070425-3319-0036', '2025-04-07 16:22:00', 1, 'double', 'sudah', 'baru', '2026-02-22 12:43:43', '2026-02-22 12:43:43'),
('HSD-56654584', 'PND-B47D79FE', 'DG040425-3319-0048', '2025-04-04 15:22:00', 7, 'triple', 'sudah', 'ulang', '2026-02-22 12:43:42', '2026-02-22 12:43:42'),
('HSD-5788748F', 'PND-7FACE83A', 'DG050525-3319-0019', '2025-05-05 16:52:00', 16, 'double', 'sudah', 'ulang', '2026-02-22 12:43:43', '2026-02-22 12:43:43'),
('HSD-578A0E07', 'PND-0BA22596', 'DG010125-3319-0009', '2025-01-01 16:13:00', 6, 'triple', 'sudah', 'ulang', '2026-02-22 12:43:41', '2026-02-22 12:43:41'),
('HSD-578DB44D', 'PND-F960CAEA', 'DG040225-3319-0027', '2025-02-04 12:55:00', 4, 'double', 'sudah', 'ulang', '2026-02-22 12:43:42', '2026-02-22 12:43:42'),
('HSD-57E8ED07', 'PND-E6FB28F0', 'DG030525-3319-0020', '2025-05-03 17:28:00', 3, 'double', 'sudah', 'ulang', '2026-02-22 12:43:42', '2026-02-22 12:43:42'),
('HSD-584D449E', 'PND-7319037F', 'DG070325-3319-0021', '2025-03-07 20:49:00', 13, 'double', 'sudah', 'ulang', '2026-02-22 12:43:43', '2026-02-22 12:43:43'),
('HSD-58A78E44', 'PND-E2C60805', 'DG080425-3319-0006', '2025-04-08 09:24:00', 26, 'double', 'sudah', 'ulang', '2026-02-22 12:43:44', '2026-02-22 12:43:44'),
('HSD-58EBF5BB', 'PND-A397C9BE', 'DG070125-3319-0014', '2025-01-07 16:57:00', 12, 'double', 'sudah', 'ulang', '2026-02-22 12:43:43', '2026-02-22 12:43:43'),
('HSD-5926FAC1', 'PND-607D4D87', 'DG030225-3319-0011', '2025-02-03 15:43:00', 18, 'double', 'sudah', 'ulang', '2026-02-22 12:43:42', '2026-02-22 12:43:42'),
('HSD-5935A3FB', 'PND-51A4F0D4', 'DG080425-3319-0002', '2025-04-08 08:49:00', 8, 'double', 'sudah', 'ulang', '2026-02-22 12:43:44', '2026-02-22 12:43:44'),
('HSD-5980CA84', 'PND-6B7901D7', 'DG060425-3319-0013', '2025-04-06 08:55:00', 1, 'double', 'sudah', 'baru', '2026-02-22 12:43:43', '2026-02-22 12:43:43'),
('HSD-5A26E0FC', 'PND-AC4801F9', 'DG080525-3319-0015', '2025-05-08 18:37:00', 12, 'double', 'sudah', 'ulang', '2026-02-22 12:43:44', '2026-02-22 12:43:44'),
('HSD-5A8C8F2B', 'PND-E8E68F93', 'DG050325-3319-0021', '2025-03-05 20:23:00', 115, 'double', 'sudah', 'ulang', '2026-02-22 12:43:42', '2026-02-22 12:43:42'),
('HSD-5B028506', 'PND-326CBAB7', 'DG020525-3319-0003', '2025-05-02 09:29:00', 37, 'double', 'sudah', 'ulang', '2026-02-22 12:43:41', '2026-02-22 12:43:41'),
('HSD-5BC888F4', 'PND-3F8840A8', 'DG040125-3319-0004', '2025-01-04 09:40:00', 29, 'double', 'sudah', 'ulang', '2026-02-22 12:43:42', '2026-02-22 12:43:42'),
('HSD-5C096ABE', 'PND-C50B0281', 'DG010425-3319-0002', '2025-04-01 00:17:00', 1, 'triple', 'sudah', 'baru', '2026-02-22 12:43:41', '2026-02-22 12:43:41'),
('HSD-5C226E0C', 'PND-0AB54CC7', 'DG060225-3319-0005', '2025-02-06 19:12:00', 1, 'double', 'sudah', 'baru', '2026-02-22 12:43:43', '2026-02-22 12:43:43'),
('HSD-5CF023E4', 'PND-A196B3B2', 'DG030225-3319-0020', '2025-02-03 20:04:00', 55, 'double', 'sudah', 'ulang', '2026-02-22 12:43:42', '2026-02-22 12:43:42'),
('HSD-5CFF4824', 'PND-72AC142C', 'DG040225-3319-0011', '2025-02-04 12:31:00', 8, 'double', 'sudah', 'ulang', '2026-02-22 12:43:42', '2026-02-22 12:43:42'),
('HSD-5D1C03DE', 'PND-FA42D348', 'DG030125-3319-0026', '2025-01-03 18:35:00', 29, 'double', 'sudah', 'ulang', '2026-02-22 12:43:42', '2026-02-22 12:43:42'),
('HSD-5D38E71F', 'PND-9ECEA0D4', 'DG070325-3319-0014', '2025-03-07 19:21:00', 57, 'double', 'sudah', 'ulang', '2026-02-22 12:43:43', '2026-02-22 12:43:43'),
('HSD-5D3C52C2', 'PND-36172673', 'DG060425-3319-0066', '2025-04-06 19:31:00', 27, 'double', 'sudah', 'ulang', '2026-02-22 12:43:43', '2026-02-22 12:43:43'),
('HSD-5D810579', 'PND-DF8D27E5', 'DG040225-3319-0016', '2025-02-04 12:43:00', 24, 'double', 'sudah', 'ulang', '2026-02-22 12:43:42', '2026-02-22 12:43:42'),
('HSD-5E512A90', 'PND-664D6715', 'DG040425-3319-0030', '2025-04-04 12:48:00', 9, 'double', 'sudah', 'ulang', '2026-02-22 12:43:42', '2026-02-22 12:43:42'),
('HSD-5E917E49', 'PND-B3C301F8', 'DG040225-3319-0026', '2025-02-04 12:55:00', 3, 'double', 'sudah', 'ulang', '2026-02-22 12:43:42', '2026-02-22 12:43:42'),
('HSD-5F9C0EDB', 'PND-A5029909', 'DG010125-3319-0005', '2025-01-01 12:02:00', 3, 'double', 'sudah', 'ulang', '2026-02-22 12:43:41', '2026-02-22 12:43:41'),
('HSD-604095C8', 'PND-5EACAFAA', 'DG020325-3319-0009', '2025-03-02 18:46:00', 61, 'double', 'sudah', 'ulang', '2026-02-22 12:43:41', '2026-02-22 12:43:41'),
('HSD-605B2BBE', 'PND-9CFBCDAE', 'DG080425-3319-0044', '2025-04-08 19:14:00', 26, 'double', 'sudah', 'ulang', '2026-02-22 12:43:44', '2026-02-22 12:43:44'),
('HSD-60A6D260', 'PND-BDBCDD99', 'DG060425-3319-0020', '2025-04-06 10:47:00', 34, 'double', 'sudah', 'ulang', '2026-02-22 12:43:43', '2026-02-22 12:43:43'),
('HSD-610452E8', 'PND-10A158F8', 'DG020525-3319-0026', '2025-05-02 20:29:00', 11, 'double', 'sudah', 'ulang', '2026-02-22 12:43:41', '2026-02-22 12:43:41'),
('HSD-61BCD7D7', 'PND-2CFE337A', 'DG050525-3319-0017', '2025-05-05 12:19:00', 12, 'double', 'sudah', 'ulang', '2026-02-22 12:43:43', '2026-02-22 12:43:43'),
('HSD-620A407F', 'PND-C3026FE6', 'DG080125-3319-0025', '2025-01-08 20:58:00', 9, 'double', 'sudah', 'ulang', '2026-02-22 12:43:43', '2026-02-22 12:43:43'),
('HSD-62161989', 'PND-D6E4AABF', 'DG020425-3319-0065', '2025-04-02 21:50:00', 2, 'double', 'sudah', 'ulang', '2026-02-22 12:43:41', '2026-02-22 12:43:41'),
('HSD-6282A454', 'PND-E7636B7C', 'DG030225-3319-0012', '2025-02-03 16:20:00', 53, 'double', 'sudah', 'ulang', '2026-02-22 12:43:42', '2026-02-22 12:43:42'),
('HSD-62B92612', 'PND-D6F26801', 'DG040125-3319-0011', '2025-01-04 12:52:00', 7, 'double', 'sudah', 'ulang', '2026-02-22 12:43:42', '2026-02-22 12:43:42'),
('HSD-62E4DD3D', 'PND-7FACE83A', 'DG060125-3319-0017', '2025-01-06 15:07:00', 15, 'double', 'sudah', 'ulang', '2026-02-22 12:43:43', '2026-02-22 12:43:43');
INSERT INTO `data_historis_donor` (`id_histori`, `id_pendonor`, `no_trans`, `tanggal_donor`, `jumlah_donor`, `status_donor`, `status_pengesahan`, `baru_ulang`, `created_at`, `updated_at`) VALUES
('HSD-62E5C581', 'PND-D06C424E', 'DG040425-3319-0060', '2025-04-04 18:45:00', 32, 'double', 'sudah', 'ulang', '2026-02-22 12:43:42', '2026-02-22 12:43:42'),
('HSD-630BE016', 'PND-18CC8AA1', 'DG040425-3319-0046', '2025-04-04 14:52:00', 15, 'triple', 'sudah', 'ulang', '2026-02-22 12:43:42', '2026-02-22 12:43:42'),
('HSD-6350C476', 'PND-4DC46F3C', 'DG050425-3319-0044', '2025-04-05 15:54:00', 8, 'double', 'sudah', 'ulang', '2026-02-22 12:43:42', '2026-02-22 12:43:42'),
('HSD-638B9D7A', 'PND-5B6FC662', 'DG030425-3319-0010', '2025-04-03 00:51:00', 1, 'double', 'sudah', 'baru', '2026-02-22 12:43:42', '2026-02-22 12:43:42'),
('HSD-6510D747', 'PND-1532AA02', 'DG070425-3319-0017', '2025-04-07 10:52:00', 16, 'double', 'sudah', 'ulang', '2026-02-22 12:43:43', '2026-02-22 12:43:43'),
('HSD-6550CD05', 'PND-6F066CDD', 'DG020325-3319-0020', '2025-03-02 20:43:00', 9, 'double', 'sudah', 'ulang', '2026-02-22 12:43:41', '2026-02-22 12:43:41'),
('HSD-6584AEA7', 'PND-39D13FAD', 'DG090125-3319-0011', '2025-01-09 19:17:00', 24, 'double', 'sudah', 'ulang', '2026-02-22 12:43:44', '2026-02-22 12:43:44'),
('HSD-65979A62', 'PND-F153D79F', 'DG040325-3319-0009', '2025-03-04 15:19:00', 26, 'triple', 'sudah', 'ulang', '2026-02-22 12:43:42', '2026-02-22 12:43:42'),
('HSD-65CE6CEA', 'PND-93BF7CE6', 'DG060125-3319-0020', '2025-01-06 16:57:00', 2, 'double', 'sudah', 'ulang', '2026-02-22 12:43:43', '2026-02-22 12:43:43'),
('HSD-65E54AF3', 'PND-A3F35891', 'DG030125-3319-0023', '2025-01-03 16:44:00', 2, 'double', 'sudah', 'ulang', '2026-02-22 12:43:41', '2026-02-22 12:43:41'),
('HSD-662E023C', 'PND-FF767E4B', 'DG060125-3319-0015', '2025-01-06 14:22:00', 4, 'double', 'sudah', 'ulang', '2026-02-22 12:43:43', '2026-02-22 12:43:43'),
('HSD-6641C398', 'PND-0DFF6E7E', 'DG070325-3319-0012', '2025-03-07 17:38:00', 95, 'triple', 'sudah', 'ulang', '2026-02-22 12:43:43', '2026-02-22 12:43:43'),
('HSD-6645C027', 'PND-C407B455', 'DG040525-3319-0021', '2025-05-04 11:04:00', 1, 'double', 'sudah', 'baru', '2026-02-22 12:43:42', '2026-02-22 12:43:42'),
('HSD-6685CDF0', 'PND-E6C8C264', 'DG050225-3319-0012', '2025-02-05 12:11:00', 13, 'double', 'sudah', 'ulang', '2026-02-22 12:43:42', '2026-02-22 12:43:42'),
('HSD-66CDDA80', 'PND-B273E705', 'DG060425-3319-0018', '2025-04-06 10:11:00', 40, 'triple', 'sudah', 'ulang', '2026-02-22 12:43:43', '2026-02-22 12:43:43'),
('HSD-6756E094', 'PND-3198D879', 'DG080525-3319-0006', '2025-05-08 11:21:00', 44, 'double', 'sudah', 'ulang', '2026-02-22 12:43:44', '2026-02-22 12:43:44'),
('HSD-67591505', 'PND-2B66DAE1', 'DG050125-3319-0014', '2025-01-05 13:50:00', 10, 'double', 'sudah', 'ulang', '2026-02-22 12:43:42', '2026-02-22 12:43:42'),
('HSD-678FA00E', 'PND-FCAB024D', 'DG050225-3319-0009', '2025-02-05 11:28:00', 55, 'double', 'sudah', 'ulang', '2026-02-22 12:43:42', '2026-02-22 12:43:42'),
('HSD-683E5C73', 'PND-9616BE3E', 'DG080325-3319-0007', '2025-03-08 19:52:00', 9, 'triple', 'sudah', 'ulang', '2026-02-22 12:43:44', '2026-02-22 12:43:44'),
('HSD-69927EE5', 'PND-10A158F8', 'DG020325-3319-0015', '2025-03-02 20:24:00', 10, 'double', 'sudah', 'ulang', '2026-02-22 12:43:41', '2026-02-22 12:43:41'),
('HSD-69A6BD11', 'PND-896FE8C3', 'DG060125-3319-0031', '2025-01-06 19:46:00', 25, 'double', 'sudah', 'ulang', '2026-02-22 12:43:43', '2026-02-22 12:43:43'),
('HSD-69AEB592', 'PND-9F30F7F1', 'DG030425-3319-0001', '2025-04-03 00:05:00', 1, 'double', 'sudah', 'baru', '2026-02-22 12:43:42', '2026-02-22 12:43:42'),
('HSD-69CF2B9E', 'PND-6C11044F', 'DG060125-3319-0024', '2025-01-06 18:28:00', 48, 'triple', 'sudah', 'ulang', '2026-02-22 12:43:43', '2026-02-22 12:43:43'),
('HSD-6A0F2F6E', 'PND-B5D2B4A5', 'DG040125-3319-0029', '2025-01-04 18:50:00', 4, 'double', 'sudah', 'ulang', '2026-02-22 12:43:42', '2026-02-22 12:43:42'),
('HSD-6A9A1DBF', 'PND-293ED8A7', 'DG040225-3319-0029', '2025-02-04 12:56:00', 4, 'double', 'sudah', 'ulang', '2026-02-22 12:43:42', '2026-02-22 12:43:42'),
('HSD-6AB26ADE', 'PND-FCB54E87', 'DG060425-3319-0067', '2025-04-06 19:38:00', 2, 'triple', 'sudah', 'ulang', '2026-02-22 12:43:43', '2026-02-22 12:43:43'),
('HSD-6B172DD7', 'PND-BCB0D546', 'DG050425-3319-0010', '2025-04-05 09:18:00', 3, 'double', 'sudah', 'ulang', '2026-02-22 12:43:42', '2026-02-22 12:43:42'),
('HSD-6B4FAD0B', 'PND-705C3B0D', 'DG060525-3319-0007', '2025-05-06 10:50:00', 3, 'double', 'sudah', 'ulang', '2026-02-22 12:43:43', '2026-02-22 12:43:43'),
('HSD-6B63AECF', 'PND-1E9BBD0C', 'DG060525-3319-0016', '2025-05-06 15:30:00', 35, 'double', 'sudah', 'ulang', '2026-02-22 12:43:43', '2026-02-22 12:43:43'),
('HSD-6C7DF974', 'PND-F2B1557F', 'DG080125-3319-0018', '2025-01-08 19:46:00', 16, 'double', 'sudah', 'ulang', '2026-02-22 12:43:43', '2026-02-22 12:43:43'),
('HSD-6CF65C68', 'PND-B9EE8335', 'DG020225-3319-0006', '2025-02-02 11:22:00', 48, 'double', 'sudah', 'ulang', '2026-02-22 12:43:41', '2026-02-22 12:43:41'),
('HSD-6DA2EF3B', 'PND-E8E68F93', 'DG080525-3319-0019', '2025-05-08 19:31:00', 116, 'double', 'sudah', 'ulang', '2026-02-22 12:43:44', '2026-02-22 12:43:44'),
('HSD-6DF383C8', 'PND-058C07F5', 'DG010325-3319-0016', '2025-03-01 21:51:00', 20, 'double', 'sudah', 'ulang', '2026-02-22 12:43:41', '2026-02-22 12:43:41'),
('HSD-6DFEA12A', 'PND-6E32A2E6', 'DG030425-3319-0041', '2025-04-03 13:40:00', 17, 'double', 'sudah', 'ulang', '2026-02-22 12:43:42', '2026-02-22 12:43:42'),
('HSD-6E2F73C9', 'PND-968BAA9C', 'DG080325-3319-0005', '2025-03-08 19:18:00', 20, 'double', 'sudah', 'ulang', '2026-02-22 12:43:44', '2026-02-22 12:43:44'),
('HSD-6EE28FC2', 'PND-A7463B70', 'DG010425-3319-0018', '2025-04-01 14:33:00', 1, 'double', 'sudah', 'baru', '2026-02-22 12:43:41', '2026-02-22 12:43:41'),
('HSD-6EEC076C', 'PND-71A391AA', 'DG020425-3319-0010', '2025-04-02 09:58:00', 1, 'double', 'sudah', 'baru', '2026-02-22 12:43:41', '2026-02-22 12:43:41'),
('HSD-6F1D85F5', 'PND-3E4C2269', 'DG080325-3319-0009', '2025-03-08 20:01:00', 9, 'triple', 'sudah', 'ulang', '2026-02-22 12:43:44', '2026-02-22 12:43:44'),
('HSD-6F6BFA45', 'PND-11AD0752', 'DG060425-3319-0021', '2025-04-06 10:48:00', 14, 'double', 'sudah', 'ulang', '2026-02-22 12:43:43', '2026-02-22 12:43:43'),
('HSD-6F96F3BD', 'PND-F9DB0CEE', 'DG050425-3319-0068', '2025-04-05 20:13:00', 21, 'double', 'sudah', 'ulang', '2026-02-22 12:43:43', '2026-02-22 12:43:43'),
('HSD-70AC2813', 'PND-0126DE4E', 'DG080425-3319-0040', '2025-04-08 17:11:00', 19, 'triple', 'sudah', 'ulang', '2026-02-22 12:43:44', '2026-02-22 12:43:44'),
('HSD-714A9FDA', 'PND-B9A0A987', 'DG080425-3319-0028', '2025-04-08 14:41:00', 7, 'double', 'sudah', 'ulang', '2026-02-22 12:43:44', '2026-02-22 12:43:44'),
('HSD-71D060BC', 'PND-C05F1CE2', 'DG070525-3319-0003', '2025-05-07 10:24:00', 9, 'double', 'sudah', 'ulang', '2026-02-22 12:43:43', '2026-02-22 12:43:43'),
('HSD-71DC6E70', 'PND-612B85E3', 'DG040225-3319-0020', '2025-02-04 12:50:00', 15, 'double', 'sudah', 'ulang', '2026-02-22 12:43:42', '2026-02-22 12:43:42'),
('HSD-71EE34FA', 'PND-831C1AF5', 'DG080125-3319-0001', '2025-01-08 10:28:00', 3, 'double', 'sudah', 'ulang', '2026-02-22 12:43:43', '2026-02-22 12:43:43'),
('HSD-729E1E68', 'PND-4E7BFF94', 'DG080425-3319-0003', '2025-04-08 08:55:00', 4, 'double', 'sudah', 'ulang', '2026-02-22 12:43:44', '2026-02-22 12:43:44'),
('HSD-732B81C1', 'PND-6A45F941', 'DG060425-3319-0085', '2025-04-06 21:12:00', 2, 'double', 'sudah', 'ulang', '2026-02-22 12:43:43', '2026-02-22 12:43:43'),
('HSD-73425D02', 'PND-CF07747A', 'DG010125-3319-0007', '2025-01-01 12:21:00', 30, 'double', 'sudah', 'ulang', '2026-02-22 12:43:41', '2026-02-22 12:43:41'),
('HSD-73962262', 'PND-094451CE', 'DG010425-3319-0027', '2025-04-01 18:58:00', 16, 'double', 'sudah', 'ulang', '2026-02-22 12:43:41', '2026-02-22 12:43:41'),
('HSD-73CEF00B', 'PND-778206E1', 'DG050425-3319-0046', '2025-04-05 16:16:00', 4, 'double', 'sudah', 'ulang', '2026-02-22 12:43:42', '2026-02-22 12:43:42'),
('HSD-75A55819', 'PND-DBFC814E', 'DG040525-3319-0024', '2025-05-04 11:10:00', 7, 'double', 'sudah', 'ulang', '2026-02-22 12:43:42', '2026-02-22 12:43:42'),
('HSD-75D62EB2', 'PND-D093CD12', 'DG010225-3319-0002', '2025-02-01 09:01:00', 60, 'double', 'sudah', 'ulang', '2026-02-22 12:43:41', '2026-02-22 12:43:41'),
('HSD-75F6F0EC', 'PND-6979DA5D', 'DG050525-3319-0036', '2025-05-05 21:03:00', 1, 'double', 'sudah', 'baru', '2026-02-22 12:43:43', '2026-02-22 12:43:43'),
('HSD-761BBBF7', 'PND-8616997E', 'DG030125-3319-0003', '2025-01-03 10:22:00', 8, 'triple', 'sudah', 'ulang', '2026-02-22 12:43:41', '2026-02-22 12:43:41'),
('HSD-77308ED5', 'PND-60679381', 'DG070425-3319-0012', '2025-04-07 10:08:00', 12, 'double', 'sudah', 'ulang', '2026-02-22 12:43:43', '2026-02-22 12:43:43'),
('HSD-7755AFFE', 'PND-53CC7550', 'DG030125-3319-0015', '2025-01-03 13:11:00', 31, 'triple', 'sudah', 'ulang', '2026-02-22 12:43:41', '2026-02-22 12:43:41'),
('HSD-7826E976', 'PND-D2C1F316', 'DG040425-3319-0063', '2025-04-04 19:01:00', 3, 'double', 'sudah', 'ulang', '2026-02-22 12:43:42', '2026-02-22 12:43:42'),
('HSD-78517406', 'PND-DF753059', 'DG040325-3319-0019', '2025-03-04 20:40:00', 25, 'double', 'sudah', 'ulang', '2026-02-22 12:43:42', '2026-02-22 12:43:42'),
('HSD-78697732', 'PND-3230D7C2', 'DG070225-3319-0038', '2025-02-07 19:56:00', 6, 'double', 'sudah', 'ulang', '2026-02-22 12:43:43', '2026-02-22 12:43:43'),
('HSD-786DE7EE', 'PND-E67DC2B7', 'DG020525-3319-0017', '2025-05-02 14:50:00', 43, 'double', 'sudah', 'ulang', '2026-02-22 12:43:41', '2026-02-22 12:43:41'),
('HSD-787F52DE', 'PND-1AFD9868', 'DG030425-3319-0022', '2025-04-03 09:21:00', 1, 'double', 'sudah', 'baru', '2026-02-22 12:43:42', '2026-02-22 12:43:42'),
('HSD-789A91E1', 'PND-8E52F680', 'DG010525-3319-0002', '2025-05-01 10:54:00', 16, 'double', 'sudah', 'ulang', '2026-02-22 12:43:41', '2026-02-22 12:43:41'),
('HSD-78C8914E', 'PND-42CD0B62', 'DG070325-3319-0001', '2025-03-07 08:46:00', 58, 'triple', 'sudah', 'ulang', '2026-02-22 12:43:43', '2026-02-22 12:43:43'),
('HSD-797A9048', 'PND-4FCDD475', 'DG010525-3319-0017', '2025-05-01 17:15:00', 2, 'double', 'sudah', 'ulang', '2026-02-22 12:43:41', '2026-02-22 12:43:41'),
('HSD-79B2E025', 'PND-1682F338', 'DG070225-3319-0021', '2025-02-07 15:14:00', 14, 'double', 'sudah', 'ulang', '2026-02-22 12:43:43', '2026-02-22 12:43:43'),
('HSD-79C661F7', 'PND-1737D3D7', 'DG080325-3319-0013', '2025-03-08 20:58:00', 2, 'triple', 'sudah', 'ulang', '2026-02-22 12:43:44', '2026-02-22 12:43:44'),
('HSD-7A4AB8C9', 'PND-9C269681', 'DG040425-3319-0045', '2025-04-04 14:38:00', 12, 'triple', 'sudah', 'ulang', '2026-02-22 12:43:42', '2026-02-22 12:43:42'),
('HSD-7A4B5BF1', 'PND-9F34C9E7', 'DG050525-3319-0009', '2025-05-05 11:07:00', 14, 'double', 'sudah', 'ulang', '2026-02-22 12:43:43', '2026-02-22 12:43:43'),
('HSD-7AB70AD9', 'PND-7FA0EB78', 'DG040425-3319-0082', '2025-04-04 23:47:00', 47, 'triple', 'sudah', 'ulang', '2026-02-22 12:43:42', '2026-02-22 12:43:42'),
('HSD-7B031339', 'PND-25CFA586', 'DG050425-3319-0009', '2025-04-05 09:17:00', 55, 'double', 'sudah', 'ulang', '2026-02-22 12:43:42', '2026-02-22 12:43:42'),
('HSD-7B2AB5F3', 'PND-B57A2BAD', 'DG040525-3319-0015', '2025-05-04 10:14:00', 13, 'double', 'sudah', 'ulang', '2026-02-22 12:43:42', '2026-02-22 12:43:42'),
('HSD-7B6C9669', 'PND-72882847', 'DG030525-3319-0008', '2025-05-03 13:32:00', 11, 'double', 'sudah', 'ulang', '2026-02-22 12:43:42', '2026-02-22 12:43:42'),
('HSD-7B83C60A', 'PND-D1B63E82', 'DG060425-3319-0049', '2025-04-06 16:32:00', 2, 'double', 'sudah', 'ulang', '2026-02-22 12:43:43', '2026-02-22 12:43:43'),
('HSD-7BC015A5', 'PND-9E4E9BFA', 'DG020325-3319-0006', '2025-03-02 14:36:00', 29, 'double', 'sudah', 'ulang', '2026-02-22 12:43:41', '2026-02-22 12:43:41'),
('HSD-7BE8FADA', 'PND-0D4B44EB', 'DG050125-3319-0008', '2025-01-05 12:29:00', 40, 'double', 'sudah', 'ulang', '2026-02-22 12:43:42', '2026-02-22 12:43:42'),
('HSD-7BF0D21C', 'PND-1B009296', 'DG040225-3319-0006', '2025-02-04 10:49:00', 69, 'double', 'sudah', 'ulang', '2026-02-22 12:43:42', '2026-02-22 12:43:42'),
('HSD-7C98FDF8', 'PND-048957F4', 'DG060425-3319-0022', '2025-04-06 10:48:00', 4, 'double', 'sudah', 'ulang', '2026-02-22 12:43:43', '2026-02-22 12:43:43'),
('HSD-7CB47271', 'PND-AFDEA334', 'DG020125-3319-0016', '2025-01-02 20:06:00', 42, 'double', 'sudah', 'ulang', '2026-02-22 12:43:41', '2026-02-22 12:43:41'),
('HSD-7CC2B811', 'PND-748C79DD', 'DG030225-3319-0008', '2025-02-03 11:38:00', 16, 'double', 'sudah', 'ulang', '2026-02-22 12:43:42', '2026-02-22 12:43:42'),
('HSD-7CCF25BB', 'PND-E6BF4C87', 'DG010525-3319-0006', '2025-05-01 11:50:00', 58, 'double', 'sudah', 'ulang', '2026-02-22 12:43:41', '2026-02-22 12:43:41'),
('HSD-7CE9EC21', 'PND-195126E0', 'DG080225-3319-0028', '2025-02-08 19:20:00', 12, 'double', 'sudah', 'ulang', '2026-02-22 12:43:44', '2026-02-22 12:43:44'),
('HSD-7D8B69F1', 'PND-11AD0752', 'DG070125-3319-0021', '2025-01-07 19:51:00', 13, 'double', 'sudah', 'ulang', '2026-02-22 12:43:43', '2026-02-22 12:43:43'),
('HSD-7DA0B58C', 'PND-9335FDDE', 'DG080525-3319-0013', '2025-05-08 18:28:00', 22, 'double', 'sudah', 'ulang', '2026-02-22 12:43:44', '2026-02-22 12:43:44'),
('HSD-7E5D2F6E', 'PND-B26654B9', 'DG050425-3319-0027', '2025-04-05 12:38:00', 2, 'triple', 'sudah', 'ulang', '2026-02-22 12:43:42', '2026-02-22 12:43:42'),
('HSD-7EFA18AD', 'PND-7A8F93DA', 'DG040225-3319-0003', '2025-02-04 08:55:00', 5, 'double', 'sudah', 'ulang', '2026-02-22 12:43:42', '2026-02-22 12:43:42'),
('HSD-7FA202EA', 'PND-DCFDF30A', 'DG010125-3319-0010', '2025-01-01 16:35:00', 22, 'triple', 'sudah', 'ulang', '2026-02-22 12:43:41', '2026-02-22 12:43:41'),
('HSD-7FB7C613', 'PND-145798E7', 'DG040225-3319-0024', '2025-02-04 12:53:00', 10, 'double', 'sudah', 'ulang', '2026-02-22 12:43:42', '2026-02-22 12:43:42'),
('HSD-80530D45', 'PND-4C93CF0A', 'DG040525-3319-0025', '2025-05-04 11:20:00', 15, 'double', 'sudah', 'ulang', '2026-02-22 12:43:42', '2026-02-22 12:43:42'),
('HSD-80CE00CA', 'PND-3887359D', 'DG040325-3319-0022', '2025-03-04 20:52:00', 50, 'double', 'sudah', 'ulang', '2026-02-22 12:43:42', '2026-02-22 12:43:42'),
('HSD-80FB468D', 'PND-01701EC9', 'DG020325-3319-0025', '2025-03-02 21:20:00', 2, 'double', 'sudah', 'ulang', '2026-02-22 12:43:41', '2026-02-22 12:43:41'),
('HSD-814F1564', 'PND-927F37F1', 'DG040425-3319-0066', '2025-04-04 19:43:00', 1, 'double', 'sudah', 'baru', '2026-02-22 12:43:42', '2026-02-22 12:43:42'),
('HSD-8169F2C0', 'PND-53DEDCF0', 'DG040425-3319-0016', '2025-04-04 09:26:00', 1, 'double', 'sudah', 'baru', '2026-02-22 12:43:42', '2026-02-22 12:43:42'),
('HSD-817BD41E', 'PND-6092F063', 'DG040125-3319-0032', '2025-01-04 21:15:00', 20, 'double', 'sudah', 'ulang', '2026-02-22 12:43:42', '2026-02-22 12:43:42'),
('HSD-818D3586', 'PND-E8E68F93', 'DG040125-3319-0002', '2025-01-04 08:21:00', 114, 'double', 'sudah', 'ulang', '2026-02-22 12:43:42', '2026-02-22 12:43:42'),
('HSD-81B617D2', 'PND-1EE4C54D', 'DG040225-3319-0022', '2025-02-04 12:51:00', 68, 'double', 'sudah', 'ulang', '2026-02-22 12:43:42', '2026-02-22 12:43:42'),
('HSD-81D9BD30', 'PND-4D0CFBFC', 'DG010525-3319-0004', '2025-05-01 11:11:00', 5, 'double', 'sudah', 'ulang', '2026-02-22 12:43:41', '2026-02-22 12:43:41'),
('HSD-82246C33', 'PND-ACF6FFA8', 'DG070525-3319-0016', '2025-05-07 16:40:00', 20, 'double', 'sudah', 'ulang', '2026-02-22 12:43:43', '2026-02-22 12:43:43'),
('HSD-823A4904', 'PND-A16B669C', 'DG040225-3319-0038', '2025-02-04 13:01:00', 7, 'double', 'sudah', 'ulang', '2026-02-22 12:43:42', '2026-02-22 12:43:42'),
('HSD-825DE8A8', 'PND-B9EE8335', 'DG030525-3319-0016', '2025-05-03 16:55:00', 49, 'double', 'sudah', 'ulang', '2026-02-22 12:43:42', '2026-02-22 12:43:42'),
('HSD-826F5EE7', 'PND-A7CDA27D', 'DG070325-3319-0015', '2025-03-07 19:47:00', 6, 'triple', 'sudah', 'ulang', '2026-02-22 12:43:43', '2026-02-22 12:43:43'),
('HSD-82878ECF', 'PND-059BC13D', 'DG030425-3319-0017', '2025-04-03 08:29:00', 32, 'double', 'sudah', 'ulang', '2026-02-22 12:43:42', '2026-02-22 12:43:42'),
('HSD-829CD0C7', 'PND-AB0E9A59', 'DG060425-3319-0080', '2025-04-06 20:51:00', 13, 'double', 'sudah', 'ulang', '2026-02-22 12:43:43', '2026-02-22 12:43:43'),
('HSD-82BE55FF', 'PND-E27BCBBB', 'DG080125-3319-0004', '2025-01-08 11:47:00', 45, 'double', 'sudah', 'ulang', '2026-02-22 12:43:43', '2026-02-22 12:43:43'),
('HSD-8396CB37', 'PND-217EA5BF', 'DG050525-3319-0020', '2025-05-05 18:28:00', 87, 'double', 'sudah', 'ulang', '2026-02-22 12:43:43', '2026-02-22 12:43:43'),
('HSD-83CA04F5', 'PND-8EF12A83', 'DG040425-3319-0081', '2025-04-04 23:42:00', 4, 'double', 'sudah', 'ulang', '2026-02-22 12:43:42', '2026-02-22 12:43:42'),
('HSD-83D8ABD1', 'PND-4FF57EA1', 'DG010425-3319-0010', '2025-04-01 11:11:00', 2, 'double', 'sudah', 'ulang', '2026-02-22 12:43:41', '2026-02-22 12:43:41'),
('HSD-8437F881', 'PND-1A6EF02B', 'DG020525-3319-0018', '2025-05-02 15:17:00', 86, 'double', 'sudah', 'ulang', '2026-02-22 12:43:41', '2026-02-22 12:43:41'),
('HSD-84413CAE', 'PND-B8EAED64', 'DG040525-3319-0029', '2025-05-04 12:22:00', 14, 'double', 'sudah', 'ulang', '2026-02-22 12:43:42', '2026-02-22 12:43:42'),
('HSD-8484C800', 'PND-7F95804A', 'DG050525-3319-0029', '2025-05-05 20:19:00', 58, 'double', 'sudah', 'ulang', '2026-02-22 12:43:43', '2026-02-22 12:43:43'),
('HSD-8508ACE3', 'PND-6C82BFA2', 'DG040525-3319-0020', '2025-05-04 10:57:00', 17, 'double', 'sudah', 'ulang', '2026-02-22 12:43:42', '2026-02-22 12:43:42'),
('HSD-8575D2E6', 'PND-0610DB75', 'DG030425-3319-0025', '2025-04-03 10:08:00', 13, 'double', 'sudah', 'ulang', '2026-02-22 12:43:42', '2026-02-22 12:43:42'),
('HSD-85CE90F4', 'PND-44271942', 'DG090125-3319-0003', '2025-01-09 10:56:00', 28, 'double', 'sudah', 'ulang', '2026-02-22 12:43:44', '2026-02-22 12:43:44'),
('HSD-8628BEBC', 'PND-D1E3511D', 'DG070425-3319-0029', '2025-04-07 13:41:00', 7, 'double', 'sudah', 'ulang', '2026-02-22 12:43:43', '2026-02-22 12:43:43'),
('HSD-863A84E2', 'PND-8BBB38A9', 'DG040225-3319-0030', '2025-02-04 12:57:00', 11, 'double', 'sudah', 'ulang', '2026-02-22 12:43:42', '2026-02-22 12:43:42'),
('HSD-875CD9AE', 'PND-91C1E225', 'DG070225-3319-0032', '2025-02-07 19:40:00', 13, 'double', 'sudah', 'ulang', '2026-02-22 12:43:43', '2026-02-22 12:43:43'),
('HSD-87D1126C', 'PND-CFF9F01B', 'DG080425-3319-0037', '2025-04-08 16:47:00', 9, 'double', 'sudah', 'ulang', '2026-02-22 12:43:44', '2026-02-22 12:43:44'),
('HSD-882FEC6D', 'PND-1EA7BF52', 'DG030225-3319-0015', '2025-02-03 17:41:00', 48, 'double', 'sudah', 'ulang', '2026-02-22 12:43:42', '2026-02-22 12:43:42'),
('HSD-88302870', 'PND-5326F724', 'DG080525-3319-0003', '2025-05-08 09:13:00', 37, 'double', 'sudah', 'ulang', '2026-02-22 12:43:44', '2026-02-22 12:43:44'),
('HSD-88870B9B', 'PND-606F0AFF', 'DG010225-3319-0010', '2025-02-01 13:24:00', 16, 'double', 'sudah', 'ulang', '2026-02-22 12:43:41', '2026-02-22 12:43:41'),
('HSD-8898E5B4', 'PND-58C87379', 'DG040225-3319-0009', '2025-02-04 12:21:00', 16, 'double', 'sudah', 'ulang', '2026-02-22 12:43:42', '2026-02-22 12:43:42'),
('HSD-88CAC86D', 'PND-64DCCABC', 'DG050525-3319-0004', '2025-05-05 10:02:00', 1, 'double', 'sudah', 'baru', '2026-02-22 12:43:43', '2026-02-22 12:43:43'),
('HSD-88E37D04', 'PND-BE666444', 'DG040525-3319-0046', '2025-05-04 19:31:00', 15, 'double', 'sudah', 'ulang', '2026-02-22 12:43:42', '2026-02-22 12:43:42'),
('HSD-892FBAD3', 'PND-C7329D7D', 'DG030425-3319-0069', '2025-04-03 20:19:00', 1, 'triple', 'sudah', 'baru', '2026-02-22 12:43:42', '2026-02-22 12:43:42'),
('HSD-894EF6F1', 'PND-E69E22FF', 'DG030425-3319-0048', '2025-04-03 15:56:00', 5, 'double', 'sudah', 'ulang', '2026-02-22 12:43:42', '2026-02-22 12:43:42'),
('HSD-8954E553', 'PND-73D2ABA0', 'DG050525-3319-0011', '2025-05-05 11:16:00', 3, 'double', 'sudah', 'ulang', '2026-02-22 12:43:43', '2026-02-22 12:43:43'),
('HSD-89F18061', 'PND-2485FCDA', 'DG080425-3319-0009', '2025-04-08 10:00:00', 22, 'triple', 'sudah', 'ulang', '2026-02-22 12:43:44', '2026-02-22 12:43:44'),
('HSD-8A0DE438', 'PND-C2DAF629', 'DG050425-3319-0059', '2025-04-05 19:00:00', 48, 'double', 'sudah', 'ulang', '2026-02-22 12:43:43', '2026-02-22 12:43:43'),
('HSD-8A2344C7', 'PND-1B009296', 'DG050525-3319-0018', '2025-05-05 12:36:00', 70, 'double', 'sudah', 'ulang', '2026-02-22 12:43:43', '2026-02-22 12:43:43'),
('HSD-8A625841', 'PND-42CD0B62', 'DG080525-3319-0008', '2025-05-08 11:52:00', 59, 'double', 'sudah', 'ulang', '2026-02-22 12:43:44', '2026-02-22 12:43:44'),
('HSD-8B18324A', 'PND-CE75F594', 'DG040425-3319-0057', '2025-04-04 17:27:00', 1, 'double', 'sudah', 'baru', '2026-02-22 12:43:42', '2026-02-22 12:43:42'),
('HSD-8B307E4E', 'PND-395580D3', 'DG010225-3319-0005', '2025-02-01 10:55:00', 1, 'double', 'sudah', 'baru', '2026-02-22 12:43:41', '2026-02-22 12:43:41'),
('HSD-8B43F18B', 'PND-C70127DB', 'DG040425-3319-0055', '2025-04-04 17:06:00', 1, 'double', 'sudah', 'baru', '2026-02-22 12:43:42', '2026-02-22 12:43:42'),
('HSD-8B99B284', 'PND-6B29F0C0', 'DG040425-3319-0017', '2025-04-04 09:27:00', 48, 'double', 'sudah', 'ulang', '2026-02-22 12:43:42', '2026-02-22 12:43:42'),
('HSD-8BF39643', 'PND-F13F563F', 'DG020525-3319-0002', '2025-05-02 08:45:00', 74, 'double', 'sudah', 'ulang', '2026-02-22 12:43:41', '2026-02-22 12:43:41'),
('HSD-8C383969', 'PND-181581E6', 'DG010425-3319-0013', '2025-04-01 12:40:00', 6, 'triple', 'sudah', 'ulang', '2026-02-22 12:43:41', '2026-02-22 12:43:41'),
('HSD-8C56D6AA', 'PND-B3B7609A', 'DG070125-3319-0004', '2025-01-07 09:41:00', 10, 'double', 'sudah', 'ulang', '2026-02-22 12:43:43', '2026-02-22 12:43:43'),
('HSD-8CA3D635', 'PND-C47CF97F', 'DG070225-3319-0022', '2025-02-07 15:28:00', 3, 'double', 'sudah', 'ulang', '2026-02-22 12:43:43', '2026-02-22 12:43:43'),
('HSD-8D82C416', 'PND-1C2DEE14', 'DG040225-3319-0001', '2025-02-04 08:45:00', 20, 'double', 'sudah', 'ulang', '2026-02-22 12:43:42', '2026-02-22 12:43:42'),
('HSD-8D92472B', 'PND-819F34C5', 'DG070225-3319-0036', '2025-02-07 19:52:00', 38, 'double', 'sudah', 'ulang', '2026-02-22 12:43:43', '2026-02-22 12:43:43'),
('HSD-8E3B0593', 'PND-B158EC5C', 'DG060525-3319-0006', '2025-05-06 10:48:00', 4, 'triple', 'sudah', 'ulang', '2026-02-22 12:43:43', '2026-02-22 12:43:43'),
('HSD-8E3B4970', 'PND-3A36C69C', 'DG080225-3319-0010', '2025-02-08 11:12:00', 8, 'double', 'sudah', 'ulang', '2026-02-22 12:43:44', '2026-02-22 12:43:44'),
('HSD-8E41D7C5', 'PND-0FC176F9', 'DG070525-3319-0020', '2025-05-07 18:20:00', 3, 'double', 'sudah', 'ulang', '2026-02-22 12:43:43', '2026-02-22 12:43:43'),
('HSD-8E441463', 'PND-CC5A937B', 'DG040525-3319-0047', '2025-05-04 19:32:00', 2, 'double', 'sudah', 'ulang', '2026-02-22 12:43:42', '2026-02-22 12:43:42'),
('HSD-8EB77BA6', 'PND-79848BA8', 'DG060425-3319-0006', '2025-04-06 01:53:00', 1, 'triple', 'sudah', 'baru', '2026-02-22 12:43:43', '2026-02-22 12:43:43'),
('HSD-8EC744B5', 'PND-9CFBCDAE', 'DG070225-3319-0039', '2025-02-07 19:58:00', 25, 'double', 'sudah', 'ulang', '2026-02-22 12:43:43', '2026-02-22 12:43:43'),
('HSD-8F045A2F', 'PND-40A9B349', 'DG040425-3319-0042', '2025-04-04 14:08:00', 1, 'double', 'sudah', 'baru', '2026-02-22 12:43:42', '2026-02-22 12:43:42'),
('HSD-8F06E6CE', 'PND-524B61F6', 'DG080225-3319-0016', '2025-02-08 12:18:00', 13, 'double', 'sudah', 'ulang', '2026-02-22 12:43:44', '2026-02-22 12:43:44'),
('HSD-8F9A0A10', 'PND-FCEEA52C', 'DG070325-3319-0009', '2025-03-07 15:44:00', 1, 'triple', 'sudah', 'baru', '2026-02-22 12:43:43', '2026-02-22 12:43:43'),
('HSD-90B0383C', 'PND-39DA5804', 'DG030425-3319-0036', '2025-04-03 12:37:00', 2, 'double', 'sudah', 'ulang', '2026-02-22 12:43:42', '2026-02-22 12:43:42'),
('HSD-91132BBA', 'PND-0EC566DE', 'DG070425-3319-0028', '2025-04-07 13:12:00', 5, 'double', 'sudah', 'ulang', '2026-02-22 12:43:43', '2026-02-22 12:43:43'),
('HSD-9125340F', 'PND-28FA86F6', 'DG060425-3319-0004', '2025-04-06 01:03:00', 1, 'double', 'sudah', 'baru', '2026-02-22 12:43:43', '2026-02-22 12:43:43'),
('HSD-9174050D', 'PND-C18BECA7', 'DG010425-3319-0015', '2025-04-01 13:02:00', 22, 'triple', 'sudah', 'ulang', '2026-02-22 12:43:41', '2026-02-22 12:43:41'),
('HSD-9210ADCE', 'PND-D0DF6732', 'DG050125-3319-0023', '2025-01-05 17:42:00', 12, 'double', 'sudah', 'ulang', '2026-02-22 12:43:42', '2026-02-22 12:43:42'),
('HSD-92339BB6', 'PND-95A4A34D', 'DG040525-3319-0049', '2025-05-04 19:35:00', 5, 'double', 'sudah', 'ulang', '2026-02-22 12:43:42', '2026-02-22 12:43:42'),
('HSD-9253BEB3', 'PND-5B002283', 'DG020525-3319-0015', '2025-05-02 14:14:00', 8, 'double', 'sudah', 'ulang', '2026-02-22 12:43:41', '2026-02-22 12:43:41'),
('HSD-9328F3BA', 'PND-4C93CF0A', 'DG020225-3319-0005', '2025-02-02 11:18:00', 14, 'double', 'sudah', 'ulang', '2026-02-22 12:43:41', '2026-02-22 12:43:41'),
('HSD-950C3BF1', 'PND-1E570F41', 'DG070225-3319-0043', '2025-02-07 20:21:00', 38, 'double', 'sudah', 'ulang', '2026-02-22 12:43:43', '2026-02-22 12:43:43'),
('HSD-955D5FE4', 'PND-8CBF225C', 'DG080425-3319-0005', '2025-04-08 09:23:00', 1, 'double', 'sudah', 'baru', '2026-02-22 12:43:44', '2026-02-22 12:43:44'),
('HSD-95D70302', 'PND-6F504BD5', 'DG080125-3319-0013', '2025-01-08 17:46:00', 1, 'double', 'sudah', 'baru', '2026-02-22 12:43:43', '2026-02-22 12:43:43'),
('HSD-965E5C6C', 'PND-F4C61E56', 'DG040325-3319-0003', '2025-03-04 11:18:00', 10, 'double', 'sudah', 'ulang', '2026-02-22 12:43:42', '2026-02-22 12:43:42'),
('HSD-967140F8', 'PND-7BFCED19', 'DG050425-3319-0007', '2025-04-05 08:17:00', 29, 'double', 'sudah', 'ulang', '2026-02-22 12:43:42', '2026-02-22 12:43:42'),
('HSD-96C1866C', 'PND-4BDC310D', 'DG060425-3319-0042', '2025-04-06 14:22:00', 3, 'double', 'sudah', 'ulang', '2026-02-22 12:43:43', '2026-02-22 12:43:43'),
('HSD-96CA4930', 'PND-4B67AE12', 'DG070325-3319-0020', '2025-03-07 20:46:00', 27, 'double', 'sudah', 'ulang', '2026-02-22 12:43:43', '2026-02-22 12:43:43'),
('HSD-96FF99F1', 'PND-DB880644', 'DG080425-3319-0008', '2025-04-08 09:58:00', 1, 'double', 'sudah', 'baru', '2026-02-22 12:43:44', '2026-02-22 12:43:44'),
('HSD-97085E8F', 'PND-3B259CD5', 'DG050425-3319-0022', '2025-04-05 11:49:00', 2, 'double', 'sudah', 'ulang', '2026-02-22 12:43:42', '2026-02-22 12:43:42'),
('HSD-972A0354', 'PND-EA8385CA', 'DG030425-3319-0076', '2025-04-03 21:15:00', 64, 'double', 'sudah', 'ulang', '2026-02-22 12:43:42', '2026-02-22 12:43:42'),
('HSD-9741BA72', 'PND-A25191DE', 'DG080425-3319-0022', '2025-04-08 11:57:00', 51, 'double', 'sudah', 'ulang', '2026-02-22 12:43:44', '2026-02-22 12:43:44'),
('HSD-975109F1', 'PND-E1A1D5E1', 'DG030425-3319-0018', '2025-04-03 08:33:00', 44, 'double', 'sudah', 'ulang', '2026-02-22 12:43:42', '2026-02-22 12:43:42'),
('HSD-97763537', 'PND-603F10D5', 'DG060425-3319-0058', '2025-04-06 18:13:00', 24, 'double', 'sudah', 'ulang', '2026-02-22 12:43:43', '2026-02-22 12:43:43'),
('HSD-9799711C', 'PND-9C01368B', 'DG040425-3319-0069', '2025-04-04 20:00:00', 1, 'double', 'sudah', 'baru', '2026-02-22 12:43:42', '2026-02-22 12:43:42'),
('HSD-97F556E1', 'PND-4BE44DD0', 'DG040525-3319-0005', '2025-05-04 08:53:00', 26, 'double', 'sudah', 'ulang', '2026-02-22 12:43:42', '2026-02-22 12:43:42'),
('HSD-97FD50D2', 'PND-9B915181', 'DG050425-3319-0074', '2025-04-05 20:54:00', 1, 'double', 'sudah', 'baru', '2026-02-22 12:43:43', '2026-02-22 12:43:43'),
('HSD-98431507', 'PND-0C337499', 'DG080425-3319-0050', '2025-04-08 20:36:00', 17, 'double', 'sudah', 'ulang', '2026-02-22 12:43:44', '2026-02-22 12:43:44'),
('HSD-987CB27D', 'PND-F85B1C35', 'DG040225-3319-0049', '2025-02-04 13:15:00', 1, 'double', 'sudah', 'baru', '2026-02-22 12:43:42', '2026-02-22 12:43:42'),
('HSD-988BCEAB', 'PND-B6EF37E3', 'DG030225-3319-0009', '2025-02-03 13:30:00', 29, 'double', 'sudah', 'ulang', '2026-02-22 12:43:42', '2026-02-22 12:43:42'),
('HSD-98AACE08', 'PND-459FE59B', 'DG050425-3319-0067', '2025-04-05 20:11:00', 3, 'double', 'sudah', 'ulang', '2026-02-22 12:43:43', '2026-02-22 12:43:43'),
('HSD-98C22693', 'PND-8F748E9E', 'DG050525-3319-0012', '2025-05-05 11:30:00', 30, 'double', 'sudah', 'ulang', '2026-02-22 12:43:43', '2026-02-22 12:43:43'),
('HSD-98EBDDB7', 'PND-B85F185B', 'DG070425-3319-0023', '2025-04-07 11:59:00', 23, 'double', 'sudah', 'ulang', '2026-02-22 12:43:43', '2026-02-22 12:43:43'),
('HSD-990D8D77', 'PND-9335FDDE', 'DG020325-3319-0023', '2025-03-02 20:50:00', 21, 'double', 'sudah', 'ulang', '2026-02-22 12:43:41', '2026-02-22 12:43:41'),
('HSD-9961D0E0', 'PND-9A7A2359', 'DG070325-3319-0018', '2025-03-07 20:32:00', 2, 'double', 'sudah', 'ulang', '2026-02-22 12:43:43', '2026-02-22 12:43:43'),
('HSD-9988936D', 'PND-7D2BCCF8', 'DG030425-3319-0032', '2025-04-03 11:55:00', 88, 'double', 'sudah', 'ulang', '2026-02-22 12:43:42', '2026-02-22 12:43:42'),
('HSD-99D90117', 'PND-A5029909', 'DG050425-3319-0017', '2025-04-05 11:15:00', 4, 'double', 'sudah', 'ulang', '2026-02-22 12:43:42', '2026-02-22 12:43:42'),
('HSD-9AB81F0D', 'PND-ED53C42A', 'DG040425-3319-0005', '2025-04-04 00:11:00', 1, 'double', 'sudah', 'baru', '2026-02-22 12:43:42', '2026-02-22 12:43:42'),
('HSD-9AE8256C', 'PND-608D1127', 'DG040125-3319-0018', '2025-01-04 14:49:00', 3, 'double', 'sudah', 'ulang', '2026-02-22 12:43:42', '2026-02-22 12:43:42'),
('HSD-9BAFBCCA', 'PND-07485944', 'DG050125-3319-0011', '2025-01-05 12:45:00', 18, 'double', 'sudah', 'ulang', '2026-02-22 12:43:42', '2026-02-22 12:43:42'),
('HSD-9BB5AD27', 'PND-8F748E9E', 'DG050225-3319-0005', '2025-02-05 10:36:00', 29, 'double', 'sudah', 'ulang', '2026-02-22 12:43:42', '2026-02-22 12:43:42'),
('HSD-9BB702B6', 'PND-741DCD42', 'DG010425-3319-0009', '2025-04-01 10:48:00', 35, 'double', 'sudah', 'ulang', '2026-02-22 12:43:41', '2026-02-22 12:43:41'),
('HSD-9BB8A149', 'PND-66F4D763', 'DG080125-3319-0024', '2025-01-08 20:48:00', 1, 'double', 'sudah', 'baru', '2026-02-22 12:43:43', '2026-02-22 12:43:43'),
('HSD-9BF340D0', 'PND-9583EB52', 'DG050325-3319-0012', '2025-03-05 18:52:00', 54, 'double', 'sudah', 'ulang', '2026-02-22 12:43:42', '2026-02-22 12:43:42'),
('HSD-9C5B2A58', 'PND-FEF0B407', 'DG090125-3319-0006', '2025-01-09 11:50:00', 5, 'double', 'sudah', 'ulang', '2026-02-22 12:43:44', '2026-02-22 12:43:44'),
('HSD-9CA33B00', 'PND-1586F9E7', 'DG010225-3319-0020', '2025-02-01 20:21:00', 2, 'double', 'sudah', 'ulang', '2026-02-22 12:43:41', '2026-02-22 12:43:41'),
('HSD-9CBE2FCB', 'PND-969B79F8', 'DG030325-3319-0016', '2025-03-03 20:47:00', 4, 'double', 'sudah', 'ulang', '2026-02-22 12:43:42', '2026-02-22 12:43:42'),
('HSD-9CEE7AA5', 'PND-F88A51D7', 'DG080425-3319-0059', '2025-04-08 22:50:00', 1, 'double', 'sudah', 'baru', '2026-02-22 12:43:44', '2026-02-22 12:43:44'),
('HSD-9CF14A59', 'PND-755B05A1', 'DG060325-3319-0013', '2025-03-06 20:12:00', 33, 'triple', 'sudah', 'ulang', '2026-02-22 12:43:43', '2026-02-22 12:43:43'),
('HSD-9D501873', 'PND-3849F28F', 'DG020425-3319-0003', '2025-04-02 07:48:00', 17, 'double', 'sudah', 'ulang', '2026-02-22 12:43:41', '2026-02-22 12:43:41'),
('HSD-9D68C5A6', 'PND-C84F2085', 'DG030125-3319-0017', '2025-01-03 13:43:00', 5, 'triple', 'sudah', 'ulang', '2026-02-22 12:43:41', '2026-02-22 12:43:41'),
('HSD-9E535564', 'PND-77841F49', 'DG050425-3319-0060', '2025-04-05 19:05:00', 1, 'double', 'sudah', 'baru', '2026-02-22 12:43:43', '2026-02-22 12:43:43'),
('HSD-9F612D33', 'PND-A8BDBFA9', 'DG070125-3319-0020', '2025-01-07 19:50:00', 4, 'double', 'sudah', 'ulang', '2026-02-22 12:43:43', '2026-02-22 12:43:43'),
('HSD-9FCEE03F', 'PND-9717E553', 'DG040525-3319-0012', '2025-05-04 09:45:00', 101, 'double', 'sudah', 'ulang', '2026-02-22 12:43:42', '2026-02-22 12:43:42'),
('HSD-9FE61614', 'PND-5C3D25FD', 'DG030325-3319-0018', '2025-03-03 21:06:00', 96, 'double', 'sudah', 'ulang', '2026-02-22 12:43:42', '2026-02-22 12:43:42'),
('HSD-A0091DF7', 'PND-5A55931E', 'DG060425-3319-0010', '2025-04-06 08:14:00', 16, 'double', 'sudah', 'ulang', '2026-02-22 12:43:43', '2026-02-22 12:43:43'),
('HSD-A02EA86E', 'PND-9076B704', 'DG030425-3319-0080', '2025-04-03 22:46:00', 5, 'double', 'sudah', 'ulang', '2026-02-22 12:43:42', '2026-02-22 12:43:42'),
('HSD-A030EF4A', 'PND-7482AA6F', 'DG080525-3319-0002', '2025-05-08 09:10:00', 2, 'double', 'sudah', 'ulang', '2026-02-22 12:43:44', '2026-02-22 12:43:44'),
('HSD-A070E324', 'PND-1A01265C', 'DG040225-3319-0032', '2025-02-04 12:58:00', 2, 'double', 'sudah', 'ulang', '2026-02-22 12:43:42', '2026-02-22 12:43:42'),
('HSD-A0B3D509', 'PND-84B00BCF', 'DG040225-3319-0025', '2025-02-04 12:54:00', 11, 'double', 'sudah', 'ulang', '2026-02-22 12:43:42', '2026-02-22 12:43:42'),
('HSD-A0F234BD', 'PND-2754212C', 'DG050425-3319-0035', '2025-04-05 13:18:00', 2, 'double', 'sudah', 'ulang', '2026-02-22 12:43:42', '2026-02-22 12:43:42'),
('HSD-A230CF2E', 'PND-54BE6B99', 'DG060425-3319-0079', '2025-04-06 20:49:00', 27, 'double', 'sudah', 'ulang', '2026-02-22 12:43:43', '2026-02-22 12:43:43'),
('HSD-A2B883F1', 'PND-428043D5', 'DG010325-3319-0013', '2025-03-01 19:59:00', 33, 'double', 'sudah', 'ulang', '2026-02-22 12:43:41', '2026-02-22 12:43:41'),
('HSD-A2BEFB15', 'PND-18E1066C', 'DG050525-3319-0013', '2025-05-05 11:31:00', 13, 'double', 'sudah', 'ulang', '2026-02-22 12:43:43', '2026-02-22 12:43:43'),
('HSD-A31FE2B9', 'PND-9FE9389E', 'DG070125-3319-0002', '2025-01-07 09:20:00', 4, 'double', 'sudah', 'ulang', '2026-02-22 12:43:43', '2026-02-22 12:43:43'),
('HSD-A36259B5', 'PND-323728FF', 'DG030525-3319-0013', '2025-05-03 14:25:00', 18, 'double', 'sudah', 'ulang', '2026-02-22 12:43:42', '2026-02-22 12:43:42'),
('HSD-A36AD753', 'PND-2FF28FB6', 'DG040225-3319-0048', '2025-02-04 13:14:00', 1, 'double', 'sudah', 'baru', '2026-02-22 12:43:42', '2026-02-22 12:43:42'),
('HSD-A3D9B630', 'PND-2B555E95', 'DG050125-3319-0018', '2025-01-05 14:45:00', 24, 'double', 'sudah', 'ulang', '2026-02-22 12:43:42', '2026-02-22 12:43:42'),
('HSD-A3F158B9', 'PND-48027A7A', 'DG040225-3319-0041', '2025-02-04 13:02:00', 8, 'double', 'sudah', 'ulang', '2026-02-22 12:43:42', '2026-02-22 12:43:42'),
('HSD-A40AD4DB', 'PND-98E6BB0E', 'DG060425-3319-0043', '2025-04-06 14:35:00', 16, 'double', 'sudah', 'ulang', '2026-02-22 12:43:43', '2026-02-22 12:43:43'),
('HSD-A4D2E830', 'PND-5D14F408', 'DG060325-3319-0007', '2025-03-06 18:48:00', 18, 'triple', 'sudah', 'ulang', '2026-02-22 12:43:43', '2026-02-22 12:43:43'),
('HSD-A52E3E26', 'PND-ED56A85B', 'DG050125-3319-0007', '2025-01-05 11:58:00', 16, 'double', 'sudah', 'ulang', '2026-02-22 12:43:42', '2026-02-22 12:43:42'),
('HSD-A54BC749', 'PND-90CCCD3D', 'DG040225-3319-0039', '2025-02-04 13:01:00', 15, 'double', 'sudah', 'ulang', '2026-02-22 12:43:42', '2026-02-22 12:43:42'),
('HSD-A5695AF8', 'PND-18E1066C', 'DG050225-3319-0006', '2025-02-05 10:37:00', 12, 'double', 'sudah', 'ulang', '2026-02-22 12:43:42', '2026-02-22 12:43:42'),
('HSD-A5EF37DE', 'PND-42092707', 'DG070425-3319-0062', '2025-04-07 21:02:00', 18, 'double', 'sudah', 'ulang', '2026-02-22 12:43:43', '2026-02-22 12:43:43'),
('HSD-A60FE4F3', 'PND-198BD224', 'DG010125-3319-0012', '2025-01-01 18:35:00', 9, 'double', 'sudah', 'ulang', '2026-02-22 12:43:41', '2026-02-22 12:43:41'),
('HSD-A6496EF4', 'PND-B51E40A5', 'DG010525-3319-0010', '2025-05-01 14:16:00', 4, 'triple', 'sudah', 'ulang', '2026-02-22 12:43:41', '2026-02-22 12:43:41'),
('HSD-A64C7B1B', 'PND-DF0D4CC0', 'DG060125-3319-0007', '2025-01-06 10:35:00', 35, 'double', 'sudah', 'ulang', '2026-02-22 12:43:43', '2026-02-22 12:43:43'),
('HSD-A69EF57B', 'PND-4AD8DE73', 'DG050425-3319-0064', '2025-04-05 19:53:00', 1, 'triple', 'sudah', 'baru', '2026-02-22 12:43:43', '2026-02-22 12:43:43'),
('HSD-A6DF65EA', 'PND-E7019816', 'DG050225-3319-0020', '2025-02-05 19:35:00', 22, 'double', 'sudah', 'ulang', '2026-02-22 12:43:42', '2026-02-22 12:43:42'),
('HSD-A7489E75', 'PND-2AD0373F', 'DG030425-3319-0061', '2025-04-03 17:46:00', 1, 'double', 'sudah', 'baru', '2026-02-22 12:43:42', '2026-02-22 12:43:42'),
('HSD-A7E53224', 'PND-A7CDA27D', 'DG060125-3319-0033', '2025-01-06 19:50:00', 5, 'double', 'sudah', 'ulang', '2026-02-22 12:43:43', '2026-02-22 12:43:43'),
('HSD-A85D4006', 'PND-E7CA1F13', 'DG070425-3319-0043', '2025-04-07 17:32:00', 5, 'double', 'sudah', 'ulang', '2026-02-22 12:43:43', '2026-02-22 12:43:43'),
('HSD-A8A56BAF', 'PND-8D13DB90', 'DG070225-3319-0040', '2025-02-07 19:59:00', 10, 'double', 'sudah', 'ulang', '2026-02-22 12:43:43', '2026-02-22 12:43:43'),
('HSD-A9632A3B', 'PND-18FEAFBB', 'DG040525-3319-0010', '2025-05-04 09:36:00', 10, 'double', 'sudah', 'ulang', '2026-02-22 12:43:42', '2026-02-22 12:43:42'),
('HSD-A96F3A23', 'PND-E279E35C', 'DG040525-3319-0050', '2025-05-04 19:47:00', 4, 'double', 'sudah', 'ulang', '2026-02-22 12:43:42', '2026-02-22 12:43:42'),
('HSD-A9C76F1A', 'PND-1B5E3F17', 'DG050525-3319-0025', '2025-05-05 19:56:00', 3, 'double', 'sudah', 'ulang', '2026-02-22 12:43:43', '2026-02-22 12:43:43'),
('HSD-A9EBE219', 'PND-60AF6E13', 'DG040225-3319-0045', '2025-02-04 13:04:00', 16, 'double', 'sudah', 'ulang', '2026-02-22 12:43:42', '2026-02-22 12:43:42'),
('HSD-AA57E129', 'PND-2C71101C', 'DG040125-3319-0025', '2025-01-04 17:53:00', 33, 'double', 'sudah', 'ulang', '2026-02-22 12:43:42', '2026-02-22 12:43:42'),
('HSD-AA5C7589', 'PND-936B6BCE', 'DG010325-3319-0004', '2025-03-01 11:05:00', 2, 'double', 'sudah', 'ulang', '2026-02-22 12:43:41', '2026-02-22 12:43:41'),
('HSD-AAA8D70B', 'PND-269CC870', 'DG040525-3319-0016', '2025-05-04 10:38:00', 1, 'double', 'sudah', 'baru', '2026-02-22 12:43:42', '2026-02-22 12:43:42'),
('HSD-AADA1D6B', 'PND-698A5E74', 'DG070325-3319-0008', '2025-03-07 14:32:00', 1, 'double', 'sudah', 'baru', '2026-02-22 12:43:43', '2026-02-22 12:43:43'),
('HSD-AB2A2E6A', 'PND-8CEFEAF7', 'DG060425-3319-0037', '2025-04-06 13:29:00', 1, 'double', 'sudah', 'baru', '2026-02-22 12:43:43', '2026-02-22 12:43:43'),
('HSD-AB36657B', 'PND-8555E21B', 'DG020425-3319-0028', '2025-04-02 16:01:00', 3, 'double', 'sudah', 'ulang', '2026-02-22 12:43:41', '2026-02-22 12:43:41'),
('HSD-AB75B096', 'PND-B459687D', 'DG080425-3319-0021', '2025-04-08 11:56:00', 1, 'triple', 'sudah', 'baru', '2026-02-22 12:43:44', '2026-02-22 12:43:44'),
('HSD-ABD2ABDD', 'PND-DB981668', 'DG070525-3319-0022', '2025-05-07 19:46:00', 28, 'double', 'sudah', 'ulang', '2026-02-22 12:43:43', '2026-02-22 12:43:43'),
('HSD-AC0F4C4D', 'PND-B7871AFE', 'DG060425-3319-0064', '2025-04-06 19:12:00', 5, 'double', 'sudah', 'ulang', '2026-02-22 12:43:43', '2026-02-22 12:43:43'),
('HSD-AC12C650', 'PND-38B67D2B', 'DG080425-3319-0051', '2025-04-08 20:44:00', 37, 'triple', 'sudah', 'ulang', '2026-02-22 12:43:44', '2026-02-22 12:43:44'),
('HSD-AC49CB8E', 'PND-99D45844', 'DG070125-3319-0023', '2025-01-07 20:01:00', 70, 'double', 'sudah', 'ulang', '2026-02-22 12:43:43', '2026-02-22 12:43:43'),
('HSD-AC7925F7', 'PND-98DEB104', 'DG030325-3319-0013', '2025-03-03 19:42:00', 5, 'double', 'sudah', 'ulang', '2026-02-22 12:43:42', '2026-02-22 12:43:42'),
('HSD-AD858AB0', 'PND-7A1529FF', 'DG050325-3319-0005', '2025-03-05 10:11:00', 5, 'double', 'sudah', 'ulang', '2026-02-22 12:43:42', '2026-02-22 12:43:42'),
('HSD-ADA9DA8C', 'PND-3C8097A3', 'DG030125-3319-0014', '2025-01-03 13:10:00', 1, 'triple', 'sudah', 'baru', '2026-02-22 12:43:41', '2026-02-22 12:43:41'),
('HSD-ADE6BA3F', 'PND-A434B601', 'DG040525-3319-0001', '2025-05-04 07:43:00', 1, 'double', 'sudah', 'baru', '2026-02-22 12:43:42', '2026-02-22 12:43:42'),
('HSD-AE3252D2', 'PND-82151BBC', 'DG040325-3319-0017', '2025-03-04 20:10:00', 16, 'double', 'sudah', 'ulang', '2026-02-22 12:43:42', '2026-02-22 12:43:42'),
('HSD-AE5269AB', 'PND-6F066CDD', 'DG010525-3319-0012', '2025-05-01 15:28:00', 10, 'triple', 'sudah', 'ulang', '2026-02-22 12:43:41', '2026-02-22 12:43:41'),
('HSD-AEC6238F', 'PND-4A1DCD58', 'DG010425-3319-0001', '2025-04-01 00:12:00', 1, 'triple', 'sudah', 'baru', '2026-02-22 12:43:41', '2026-02-22 12:43:41'),
('HSD-AF507FBB', 'PND-8FD3C3C9', 'DG070325-3319-0013', '2025-03-07 19:15:00', 25, 'triple', 'sudah', 'ulang', '2026-02-22 12:43:43', '2026-02-22 12:43:43'),
('HSD-AFEE6C48', 'PND-472CEC57', 'DG050525-3319-0022', '2025-05-05 18:57:00', 2, 'triple', 'sudah', 'ulang', '2026-02-22 12:43:43', '2026-02-22 12:43:43'),
('HSD-B006F7BC', 'PND-44E235E0', 'DG070425-3319-0055', '2025-04-07 19:27:00', 1, 'double', 'sudah', 'baru', '2026-02-22 12:43:43', '2026-02-22 12:43:43'),
('HSD-B0332C08', 'PND-E95AE35E', 'DG020325-3319-0027', '2025-03-02 21:31:00', 28, 'triple', 'sudah', 'ulang', '2026-02-22 12:43:41', '2026-02-22 12:43:41'),
('HSD-B0445F67', 'PND-A55010C2', 'DG040525-3319-0009', '2025-05-04 09:27:00', 7, 'double', 'sudah', 'ulang', '2026-02-22 12:43:42', '2026-02-22 12:43:42'),
('HSD-B0561883', 'PND-536C1418', 'DG050525-3319-0033', '2025-05-05 20:36:00', 1, 'double', 'sudah', 'baru', '2026-02-22 12:43:43', '2026-02-22 12:43:43'),
('HSD-B0A716F9', 'PND-4A28F8B4', 'DG060325-3319-0010', '2025-03-06 19:19:00', 6, 'double', 'sudah', 'ulang', '2026-02-22 12:43:43', '2026-02-22 12:43:43'),
('HSD-B0A7EB33', 'PND-21A4DDAC', 'DG070525-3319-0005', '2025-05-07 10:55:00', 11, 'double', 'sudah', 'ulang', '2026-02-22 12:43:43', '2026-02-22 12:43:43'),
('HSD-B122E2C9', 'PND-AE8611B9', 'DG080125-3319-0019', '2025-01-08 19:49:00', 17, 'double', 'sudah', 'ulang', '2026-02-22 12:43:43', '2026-02-22 12:43:43'),
('HSD-B12A3730', 'PND-F5D29564', 'DG070425-3319-0059', '2025-04-07 19:55:00', 1, 'double', 'sudah', 'baru', '2026-02-22 12:43:43', '2026-02-22 12:43:43'),
('HSD-B14B1261', 'PND-50214A90', 'DG080125-3319-0021', '2025-01-08 19:56:00', 16, 'double', 'sudah', 'ulang', '2026-02-22 12:43:43', '2026-02-22 12:43:43'),
('HSD-B1C4FAD0', 'PND-488213A5', 'DG070425-3319-0008', '2025-04-07 09:36:00', 27, 'double', 'sudah', 'ulang', '2026-02-22 12:43:43', '2026-02-22 12:43:43'),
('HSD-B21435E5', 'PND-A95EE260', 'DG040225-3319-0052', '2025-02-04 14:28:00', 19, 'double', 'sudah', 'ulang', '2026-02-22 12:43:42', '2026-02-22 12:43:42'),
('HSD-B2891B12', 'PND-8A434D9C', 'DG030125-3319-0004', '2025-01-03 10:43:00', 4, 'triple', 'sudah', 'ulang', '2026-02-22 12:43:41', '2026-02-22 12:43:41'),
('HSD-B36D1365', 'PND-291778E2', 'DG070425-3319-0044', '2025-04-07 17:44:00', 3, 'double', 'sudah', 'ulang', '2026-02-22 12:43:43', '2026-02-22 12:43:43'),
('HSD-B40BFE36', 'PND-2DD8782D', 'DG030525-3319-0031', '2025-05-03 20:25:00', 6, 'double', 'sudah', 'ulang', '2026-02-22 12:43:42', '2026-02-22 12:43:42'),
('HSD-B4559A1E', 'PND-BA513FDA', 'DG020425-3319-0039', '2025-04-02 18:50:00', 3, 'double', 'sudah', 'ulang', '2026-02-22 12:43:41', '2026-02-22 12:43:41'),
('HSD-B4904961', 'PND-A08AEAA9', 'DG030425-3319-0019', '2025-04-03 08:33:00', 10, 'double', 'sudah', 'ulang', '2026-02-22 12:43:42', '2026-02-22 12:43:42'),
('HSD-B4C8520E', 'PND-053D6859', 'DG020125-3319-0005', '2025-01-02 13:51:00', 10, 'triple', 'sudah', 'ulang', '2026-02-22 12:43:41', '2026-02-22 12:43:41'),
('HSD-B4CBB296', 'PND-897A1D45', 'DG070125-3319-0011', '2025-01-07 15:58:00', 22, 'double', 'sudah', 'ulang', '2026-02-22 12:43:43', '2026-02-22 12:43:43'),
('HSD-B5140A22', 'PND-3830F064', 'DG040525-3319-0052', '2025-05-04 20:57:00', 2, 'double', 'sudah', 'ulang', '2026-02-22 12:43:42', '2026-02-22 12:43:42'),
('HSD-B55190F8', 'PND-A6DF3D1E', 'DG070525-3319-0021', '2025-05-07 18:42:00', 13, 'double', 'sudah', 'ulang', '2026-02-22 12:43:43', '2026-02-22 12:43:43'),
('HSD-B593527A', 'PND-43ABB246', 'DG030125-3319-0022', '2025-01-03 15:49:00', 2, 'double', 'sudah', 'ulang', '2026-02-22 12:43:41', '2026-02-22 12:43:41'),
('HSD-B6D09D5B', 'PND-539E51B7', 'DG060425-3319-0077', '2025-04-06 20:43:00', 2, 'double', 'sudah', 'ulang', '2026-02-22 12:43:43', '2026-02-22 12:43:43'),
('HSD-B71A62AC', 'PND-BB99B374', 'DG060525-3319-0001', '2025-05-06 07:48:00', 6, 'triple', 'sudah', 'ulang', '2026-02-22 12:43:43', '2026-02-22 12:43:43'),
('HSD-B7D90E45', 'PND-C55491EC', 'DG030225-3319-0010', '2025-02-03 15:39:00', 13, 'double', 'sudah', 'ulang', '2026-02-22 12:43:42', '2026-02-22 12:43:42'),
('HSD-B7F7BE4D', 'PND-BAB5A330', 'DG080225-3319-0004', '2025-02-08 08:39:00', 1, 'double', 'sudah', 'baru', '2026-02-22 12:43:43', '2026-02-22 12:43:43'),
('HSD-B7FC3210', 'PND-465F56F2', 'DG050225-3319-0013', '2025-02-05 12:12:00', 3, 'double', 'sudah', 'ulang', '2026-02-22 12:43:42', '2026-02-22 12:43:42'),
('HSD-B8272DEC', 'PND-E2E2812D', 'DG050225-3319-0008', '2025-02-05 10:54:00', 5, 'double', 'sudah', 'ulang', '2026-02-22 12:43:42', '2026-02-22 12:43:42'),
('HSD-B8479827', 'PND-02AD4004', 'DG050425-3319-0071', '2025-04-05 20:39:00', 4, 'double', 'sudah', 'ulang', '2026-02-22 12:43:43', '2026-02-22 12:43:43'),
('HSD-B84D9E78', 'PND-02476E61', 'DG010425-3319-0022', '2025-04-01 17:21:00', 4, 'double', 'sudah', 'ulang', '2026-02-22 12:43:41', '2026-02-22 12:43:41'),
('HSD-B89A2C83', 'PND-408A7849', 'DG020325-3319-0001', '2025-03-02 09:11:00', 74, 'double', 'sudah', 'ulang', '2026-02-22 12:43:41', '2026-02-22 12:43:41'),
('HSD-BA1A4FC0', 'PND-429EDD29', 'DG050425-3319-0030', '2025-04-05 13:03:00', 2, 'double', 'sudah', 'ulang', '2026-02-22 12:43:42', '2026-02-22 12:43:42'),
('HSD-BA50E00A', 'PND-608D1127', 'DG060425-3319-0063', '2025-04-06 19:10:00', 4, 'double', 'sudah', 'ulang', '2026-02-22 12:43:43', '2026-02-22 12:43:43'),
('HSD-BAC3E869', 'PND-6B29F0C0', 'DG030125-3319-0001', '2025-01-03 07:57:00', 47, 'double', 'sudah', 'ulang', '2026-02-22 12:43:41', '2026-02-22 12:43:41'),
('HSD-BB14FE94', 'PND-3CA4D32E', 'DG040325-3319-0021', '2025-03-04 20:48:00', 13, 'double', 'sudah', 'ulang', '2026-02-22 12:43:42', '2026-02-22 12:43:42'),
('HSD-BC161B7B', 'PND-8C388641', 'DG060225-3319-0001', '2025-02-06 08:54:00', 35, 'double', 'sudah', 'ulang', '2026-02-22 12:43:43', '2026-02-22 12:43:43'),
('HSD-BC2B29B4', 'PND-2F9295FC', 'DG040125-3319-0026', '2025-01-04 17:57:00', 14, 'double', 'sudah', 'ulang', '2026-02-22 12:43:42', '2026-02-22 12:43:42'),
('HSD-BC414E48', 'PND-6EC300B1', 'DG030425-3319-0015', '2025-04-03 07:47:00', 1, 'double', 'sudah', 'baru', '2026-02-22 12:43:42', '2026-02-22 12:43:42'),
('HSD-BCF8E3A9', 'PND-56DFB993', 'DG090125-3319-0007', '2025-01-09 12:03:00', 28, 'double', 'sudah', 'ulang', '2026-02-22 12:43:44', '2026-02-22 12:43:44'),
('HSD-BD392B68', 'PND-E240D83E', 'DG070425-3319-0065', '2025-04-07 23:18:00', 5, 'double', 'sudah', 'ulang', '2026-02-22 12:43:43', '2026-02-22 12:43:43'),
('HSD-BD4DD03D', 'PND-BE694AAA', 'DG080125-3319-0008', '2025-01-08 15:47:00', 17, 'double', 'sudah', 'ulang', '2026-02-22 12:43:43', '2026-02-22 12:43:43'),
('HSD-BD63819F', 'PND-4A2F3495', 'DG080525-3319-0014', '2025-05-08 18:30:00', 2, 'double', 'sudah', 'ulang', '2026-02-22 12:43:44', '2026-02-22 12:43:44'),
('HSD-BDD2BE7C', 'PND-025A24E2', 'DG080425-3319-0058', '2025-04-08 22:42:00', 5, 'triple', 'sudah', 'ulang', '2026-02-22 12:43:44', '2026-02-22 12:43:44'),
('HSD-BF656E24', 'PND-7521B021', 'DG040325-3319-0005', '2025-03-04 13:44:00', 23, 'double', 'sudah', 'ulang', '2026-02-22 12:43:42', '2026-02-22 12:43:42'),
('HSD-BFABC0CC', 'PND-E1668216', 'DG020225-3319-0015', '2025-02-02 19:57:00', 28, 'double', 'sudah', 'ulang', '2026-02-22 12:43:41', '2026-02-22 12:43:41'),
('HSD-BFDBAB45', 'PND-1A2D9A62', 'DG080525-3319-0017', '2025-05-08 19:14:00', 9, 'double', 'sudah', 'ulang', '2026-02-22 12:43:44', '2026-02-22 12:43:44'),
('HSD-C041B6B6', 'PND-19070105', 'DG030425-3319-0045', '2025-04-03 15:12:00', 2, 'double', 'sudah', 'ulang', '2026-02-22 12:43:42', '2026-02-22 12:43:42'),
('HSD-C0ED2637', 'PND-7BD5B3FF', 'DG060425-3319-0061', '2025-04-06 18:58:00', 3, 'double', 'sudah', 'ulang', '2026-02-22 12:43:43', '2026-02-22 12:43:43'),
('HSD-C19C6BCE', 'PND-36EAEB3D', 'DG070525-3319-0017', '2025-05-07 16:54:00', 24, 'double', 'sudah', 'ulang', '2026-02-22 12:43:43', '2026-02-22 12:43:43'),
('HSD-C239A42B', 'PND-FCB60CC1', 'DG030125-3319-0010', '2025-01-03 12:35:00', 1, 'triple', 'sudah', 'baru', '2026-02-22 12:43:41', '2026-02-22 12:43:41'),
('HSD-C242E7CE', 'PND-F85A0C58', 'DG080425-3319-0031', '2025-04-08 15:55:00', 13, 'double', 'sudah', 'ulang', '2026-02-22 12:43:44', '2026-02-22 12:43:44'),
('HSD-C255071C', 'PND-9C8C4DAD', 'DG040425-3319-0059', '2025-04-04 18:39:00', 11, 'double', 'sudah', 'ulang', '2026-02-22 12:43:42', '2026-02-22 12:43:42'),
('HSD-C2D72F03', 'PND-4A910246', 'DG030525-3319-0003', '2025-05-03 09:08:00', 2, 'double', 'sudah', 'ulang', '2026-02-22 12:43:42', '2026-02-22 12:43:42'),
('HSD-C2EF4A14', 'PND-BDBA2E94', 'DG040225-3319-0021', '2025-02-04 12:50:00', 26, 'double', 'sudah', 'ulang', '2026-02-22 12:43:42', '2026-02-22 12:43:42'),
('HSD-C33B8401', 'PND-7BC7CF02', 'DG090225-3319-0005', '2025-02-09 13:13:00', 34, 'double', 'sudah', 'ulang', '2026-02-22 12:43:44', '2026-02-22 12:43:44'),
('HSD-C3AFA1E1', 'PND-4C0226E7', 'DG070225-3319-0030', '2025-02-07 19:01:00', 4, 'double', 'sudah', 'ulang', '2026-02-22 12:43:43', '2026-02-22 12:43:43'),
('HSD-C3BE6658', 'PND-86794A1C', 'DG030325-3319-0019', '2025-03-03 21:29:00', 13, 'double', 'sudah', 'ulang', '2026-02-22 12:43:42', '2026-02-22 12:43:42'),
('HSD-C43DAFF5', 'PND-4232B1AB', 'DG030425-3319-0027', '2025-04-03 11:06:00', 19, 'double', 'sudah', 'ulang', '2026-02-22 12:43:42', '2026-02-22 12:43:42'),
('HSD-C4AD193A', 'PND-595B2962', 'DG040225-3319-0044', '2025-02-04 13:04:00', 20, 'double', 'sudah', 'ulang', '2026-02-22 12:43:42', '2026-02-22 12:43:42'),
('HSD-C52A2D45', 'PND-FE0BB25F', 'DG050525-3319-0023', '2025-05-05 19:01:00', 10, 'double', 'sudah', 'ulang', '2026-02-22 12:43:43', '2026-02-22 12:43:43'),
('HSD-C5876C55', 'PND-F01D7A81', 'DG070425-3319-0063', '2025-04-07 21:38:00', 27, 'double', 'sudah', 'ulang', '2026-02-22 12:43:43', '2026-02-22 12:43:43'),
('HSD-C58E4F81', 'PND-03BD3BA5', 'DG040425-3319-0049', '2025-04-04 15:58:00', 4, 'double', 'sudah', 'ulang', '2026-02-22 12:43:42', '2026-02-22 12:43:42'),
('HSD-C61E76B8', 'PND-2AB31B5D', 'DG030425-3319-0067', '2025-04-03 20:06:00', 10, 'double', 'sudah', 'ulang', '2026-02-22 12:43:42', '2026-02-22 12:43:42'),
('HSD-C67EF41D', 'PND-795F21F4', 'DG040325-3319-0023', '2025-03-04 20:58:00', 2, 'double', 'sudah', 'ulang', '2026-02-22 12:43:42', '2026-02-22 12:43:42'),
('HSD-C6B9036E', 'PND-6F42CEB6', 'DG060125-3319-0013', '2025-01-06 14:07:00', 4, 'double', 'sudah', 'ulang', '2026-02-22 12:43:43', '2026-02-22 12:43:43'),
('HSD-C726FC70', 'PND-0121E740', 'DG070525-3319-0009', '2025-05-07 12:18:00', 71, 'double', 'sudah', 'ulang', '2026-02-22 12:43:43', '2026-02-22 12:43:43'),
('HSD-C7971DCA', 'PND-F55A1751', 'DG030325-3319-0010', '2025-03-03 18:31:00', 32, 'double', 'sudah', 'ulang', '2026-02-22 12:43:42', '2026-02-22 12:43:42'),
('HSD-C79C4923', 'PND-8F9D657B', 'DG050425-3319-0001', '2025-04-05 00:13:00', 3, 'triple', 'sudah', 'ulang', '2026-02-22 12:43:42', '2026-02-22 12:43:42'),
('HSD-C7A5B233', 'PND-86D8958E', 'DG090225-3319-0009', '2025-02-09 15:54:00', 61, 'double', 'sudah', 'ulang', '2026-02-22 12:43:44', '2026-02-22 12:43:44'),
('HSD-C7CBF6A3', 'PND-730127DD', 'DG040425-3319-0058', '2025-04-04 17:55:00', 2, 'double', 'sudah', 'ulang', '2026-02-22 12:43:42', '2026-02-22 12:43:42');
INSERT INTO `data_historis_donor` (`id_histori`, `id_pendonor`, `no_trans`, `tanggal_donor`, `jumlah_donor`, `status_donor`, `status_pengesahan`, `baru_ulang`, `created_at`, `updated_at`) VALUES
('HSD-C87A0A63', 'PND-74CDF88B', 'DG020325-3319-0004', '2025-03-02 13:19:00', 17, 'double', 'sudah', 'ulang', '2026-02-22 12:43:41', '2026-02-22 12:43:41'),
('HSD-C8A29B03', 'PND-65CC1108', 'DG020325-3319-0018', '2025-03-02 20:40:00', 6, 'double', 'sudah', 'ulang', '2026-02-22 12:43:41', '2026-02-22 12:43:41'),
('HSD-C9476A5C', 'PND-0121E740', 'DG080325-3319-0002', '2025-03-08 11:30:00', 70, 'triple', 'sudah', 'ulang', '2026-02-22 12:43:44', '2026-02-22 12:43:44'),
('HSD-C95FEEDE', 'PND-49B5C442', 'DG060125-3319-0016', '2025-01-06 14:27:00', 49, 'double', 'sudah', 'ulang', '2026-02-22 12:43:43', '2026-02-22 12:43:43'),
('HSD-C9DAB201', 'PND-F7F58452', 'DG020125-3319-0009', '2025-01-02 15:42:00', 29, 'double', 'sudah', 'ulang', '2026-02-22 12:43:41', '2026-02-22 12:43:41'),
('HSD-C9EA59C6', 'PND-BBCC36B4', 'DG050125-3319-0013', '2025-01-05 13:47:00', 1, 'double', 'sudah', 'baru', '2026-02-22 12:43:42', '2026-02-22 12:43:42'),
('HSD-CA63047B', 'PND-3E33C17E', 'DG080125-3319-0011', '2025-01-08 17:13:00', 10, 'double', 'sudah', 'ulang', '2026-02-22 12:43:43', '2026-02-22 12:43:43'),
('HSD-CA6B5C0A', 'PND-7DADAF86', 'DG090225-3319-0001', '2025-02-09 08:57:00', 10, 'triple', 'sudah', 'ulang', '2026-02-22 12:43:44', '2026-02-22 12:43:44'),
('HSD-CB46ACE5', 'PND-AEC64A9C', 'DG060125-3319-0019', '2025-01-06 16:32:00', 5, 'double', 'sudah', 'ulang', '2026-02-22 12:43:43', '2026-02-22 12:43:43'),
('HSD-CBBE8324', 'PND-6DBA6E42', 'DG030425-3319-0059', '2025-04-03 17:25:00', 1, 'double', 'sudah', 'baru', '2026-02-22 12:43:42', '2026-02-22 12:43:42'),
('HSD-CC089733', 'PND-1EA7BF52', 'DG040425-3319-0008', '2025-04-04 08:18:00', 49, 'double', 'sudah', 'ulang', '2026-02-22 12:43:42', '2026-02-22 12:43:42'),
('HSD-CD7B6386', 'PND-396784CF', 'DG010525-3319-0016', '2025-05-01 16:39:00', 26, 'double', 'sudah', 'ulang', '2026-02-22 12:43:41', '2026-02-22 12:43:41'),
('HSD-CDA03564', 'PND-C6461CC4', 'DG080125-3319-0014', '2025-01-08 19:13:00', 6, 'triple', 'sudah', 'ulang', '2026-02-22 12:43:43', '2026-02-22 12:43:43'),
('HSD-CDB0C220', 'PND-ACF2AF2F', 'DG050225-3319-0011', '2025-02-05 12:10:00', 14, 'double', 'sudah', 'ulang', '2026-02-22 12:43:42', '2026-02-22 12:43:42'),
('HSD-CDDB18F1', 'PND-081AAF42', 'DG040225-3319-0023', '2025-02-04 12:52:00', 35, 'double', 'sudah', 'ulang', '2026-02-22 12:43:42', '2026-02-22 12:43:42'),
('HSD-CDDF2D2A', 'PND-69BFDD6C', 'DG050525-3319-0021', '2025-05-05 18:52:00', 2, 'double', 'sudah', 'ulang', '2026-02-22 12:43:43', '2026-02-22 12:43:43'),
('HSD-CE383AD9', 'PND-36CA3CD4', 'DG050525-3319-0001', '2025-05-05 07:27:00', 18, 'double', 'sudah', 'ulang', '2026-02-22 12:43:43', '2026-02-22 12:43:43'),
('HSD-CE570326', 'PND-F23EE4C1', 'DG070125-3319-0008', '2025-01-07 11:53:00', 7, 'double', 'sudah', 'ulang', '2026-02-22 12:43:43', '2026-02-22 12:43:43'),
('HSD-CE8A88C3', 'PND-23ACF3F4', 'DG020525-3319-0023', '2025-05-02 17:06:00', 8, 'double', 'sudah', 'ulang', '2026-02-22 12:43:41', '2026-02-22 12:43:41'),
('HSD-CE8B9D8F', 'PND-4E4D8813', 'DG040525-3319-0023', '2025-05-04 11:09:00', 5, 'double', 'sudah', 'ulang', '2026-02-22 12:43:42', '2026-02-22 12:43:42'),
('HSD-CE94DB3A', 'PND-963D8DBE', 'DG030325-3319-0002', '2025-03-03 08:28:00', 25, 'double', 'sudah', 'ulang', '2026-02-22 12:43:42', '2026-02-22 12:43:42'),
('HSD-CEE4A155', 'PND-1E9BBD0C', 'DG040325-3319-0018', '2025-03-04 20:35:00', 34, 'double', 'sudah', 'ulang', '2026-02-22 12:43:42', '2026-02-22 12:43:42'),
('HSD-D003EE69', 'PND-47B4FB93', 'DG030525-3319-0014', '2025-05-03 14:35:00', 1, 'double', 'sudah', 'baru', '2026-02-22 12:43:42', '2026-02-22 12:43:42'),
('HSD-D1BF4381', 'PND-B6F7183F', 'DG090225-3319-0010', '2025-02-09 17:47:00', 4, 'double', 'sudah', 'ulang', '2026-02-22 12:43:44', '2026-02-22 12:43:44'),
('HSD-D1F60579', 'PND-A5D82152', 'DG070225-3319-0042', '2025-02-07 20:11:00', 1, 'double', 'sudah', 'baru', '2026-02-22 12:43:43', '2026-02-22 12:43:43'),
('HSD-D20FA49B', 'PND-8840FCD4', 'DG060425-3319-0078', '2025-04-06 20:47:00', 2, 'double', 'sudah', 'ulang', '2026-02-22 12:43:43', '2026-02-22 12:43:43'),
('HSD-D26352F1', 'PND-620C1E59', 'DG060425-3319-0035', '2025-04-06 12:49:00', 14, 'double', 'sudah', 'ulang', '2026-02-22 12:43:43', '2026-02-22 12:43:43'),
('HSD-D28127F1', 'PND-A7D88D62', 'DG080425-3319-0001', '2025-04-08 08:03:00', 14, 'double', 'sudah', 'ulang', '2026-02-22 12:43:44', '2026-02-22 12:43:44'),
('HSD-D28BA646', 'PND-919E148C', 'DG050425-3319-0003', '2025-04-05 00:50:00', 1, 'triple', 'sudah', 'baru', '2026-02-22 12:43:42', '2026-02-22 12:43:42'),
('HSD-D2B01050', 'PND-065959E3', 'DG040225-3319-0046', '2025-02-04 13:05:00', 12, 'double', 'sudah', 'ulang', '2026-02-22 12:43:42', '2026-02-22 12:43:42'),
('HSD-D32FD31F', 'PND-3F8840A8', 'DG070325-3319-0017', '2025-03-07 20:18:00', 30, 'double', 'sudah', 'ulang', '2026-02-22 12:43:43', '2026-02-22 12:43:43'),
('HSD-D3E4404B', 'PND-DE40FBD4', 'DG020425-3319-0006', '2025-04-02 08:36:00', 2, 'double', 'sudah', 'ulang', '2026-02-22 12:43:41', '2026-02-22 12:43:41'),
('HSD-D409A38D', 'PND-F90F57D6', 'DG010325-3319-0014', '2025-03-01 20:10:00', 10, 'double', 'sudah', 'ulang', '2026-02-22 12:43:41', '2026-02-22 12:43:41'),
('HSD-D4EEC64C', 'PND-16D50B89', 'DG040525-3319-0027', '2025-05-04 12:04:00', 8, 'double', 'sudah', 'ulang', '2026-02-22 12:43:42', '2026-02-22 12:43:42'),
('HSD-D52C6DAB', 'PND-53CC7550', 'DG080325-3319-0003', '2025-03-08 18:55:00', 32, 'double', 'sudah', 'ulang', '2026-02-22 12:43:44', '2026-02-22 12:43:44'),
('HSD-D5507B93', 'PND-3C2110F8', 'DG020525-3319-0014', '2025-05-02 13:52:00', 1, 'double', 'sudah', 'baru', '2026-02-22 12:43:41', '2026-02-22 12:43:41'),
('HSD-D58FA325', 'PND-FC3471FE', 'DG020425-3319-0043', '2025-04-02 19:23:00', 17, 'double', 'sudah', 'ulang', '2026-02-22 12:43:41', '2026-02-22 12:43:41'),
('HSD-D5BE6610', 'PND-8AF91FAC', 'DG070225-3319-0041', '2025-02-07 20:01:00', 4, 'double', 'sudah', 'ulang', '2026-02-22 12:43:43', '2026-02-22 12:43:43'),
('HSD-D6CD0432', 'PND-4279ABD1', 'DG030425-3319-0016', '2025-04-03 07:55:00', 2, 'double', 'sudah', 'ulang', '2026-02-22 12:43:42', '2026-02-22 12:43:42'),
('HSD-D6D55FC9', 'PND-AD4D176E', 'DG070225-3319-0020', '2025-02-07 15:12:00', 20, 'double', 'sudah', 'ulang', '2026-02-22 12:43:43', '2026-02-22 12:43:43'),
('HSD-D712AB28', 'PND-5D6B45D9', 'DG040425-3319-0037', '2025-04-04 13:30:00', 7, 'double', 'sudah', 'ulang', '2026-02-22 12:43:42', '2026-02-22 12:43:42'),
('HSD-D71DFB25', 'PND-6D661E32', 'DG080125-3319-0027', '2025-01-08 23:06:00', 1, 'double', 'sudah', 'baru', '2026-02-22 12:43:43', '2026-02-22 12:43:43'),
('HSD-D7A83874', 'PND-25BA8628', 'DG020425-3319-0014', '2025-04-02 11:22:00', 15, 'double', 'sudah', 'ulang', '2026-02-22 12:43:41', '2026-02-22 12:43:41'),
('HSD-D7BAC765', 'PND-74B2F569', 'DG030125-3319-0021', '2025-01-03 15:02:00', 28, 'triple', 'sudah', 'ulang', '2026-02-22 12:43:41', '2026-02-22 12:43:41'),
('HSD-D832AEE5', 'PND-3E4F20A4', 'DG060125-3319-0027', '2025-01-06 19:10:00', 20, 'triple', 'sudah', 'ulang', '2026-02-22 12:43:43', '2026-02-22 12:43:43'),
('HSD-D83DE192', 'PND-E7483846', 'DG040525-3319-0007', '2025-05-04 09:24:00', 24, 'double', 'sudah', 'ulang', '2026-02-22 12:43:42', '2026-02-22 12:43:42'),
('HSD-D87B7FDC', 'PND-42C3034B', 'DG020325-3319-0012', '2025-03-02 20:08:00', 14, 'double', 'sudah', 'ulang', '2026-02-22 12:43:41', '2026-02-22 12:43:41'),
('HSD-D954BDCF', 'PND-629DC5CB', 'DG020425-3319-0040', '2025-04-02 18:50:00', 9, 'double', 'sudah', 'ulang', '2026-02-22 12:43:41', '2026-02-22 12:43:41'),
('HSD-D9EDDF1E', 'PND-A55011F0', 'DG040525-3319-0004', '2025-05-04 08:48:00', 19, 'double', 'sudah', 'ulang', '2026-02-22 12:43:42', '2026-02-22 12:43:42'),
('HSD-D9EE87E2', 'PND-6AE259AE', 'DG020525-3319-0004', '2025-05-02 09:30:00', 30, 'double', 'sudah', 'ulang', '2026-02-22 12:43:41', '2026-02-22 12:43:41'),
('HSD-DA1AE388', 'PND-44085C9B', 'DG070425-3319-0051', '2025-04-07 19:00:00', 17, 'double', 'sudah', 'ulang', '2026-02-22 12:43:43', '2026-02-22 12:43:43'),
('HSD-DA40E8F3', 'PND-7BFCED19', 'DG030225-3319-0001', '2025-02-03 08:10:00', 28, 'double', 'sudah', 'ulang', '2026-02-22 12:43:42', '2026-02-22 12:43:42'),
('HSD-DA4CA8EB', 'PND-44951754', 'DG090225-3319-0006', '2025-02-09 14:25:00', 20, 'double', 'sudah', 'ulang', '2026-02-22 12:43:44', '2026-02-22 12:43:44'),
('HSD-DA7EC402', 'PND-E9DB89E2', 'DG060125-3319-0032', '2025-01-06 19:47:00', 9, 'double', 'sudah', 'ulang', '2026-02-22 12:43:43', '2026-02-22 12:43:43'),
('HSD-DACE8E15', 'PND-217EA5BF', 'DG040325-3319-0002', '2025-03-04 11:11:00', 86, 'double', 'sudah', 'ulang', '2026-02-22 12:43:42', '2026-02-22 12:43:42'),
('HSD-DADD99CD', 'PND-A531E2EE', 'DG040425-3319-0007', '2025-04-04 07:55:00', 12, 'double', 'sudah', 'ulang', '2026-02-22 12:43:42', '2026-02-22 12:43:42'),
('HSD-DB02C1EB', 'PND-4AF13E97', 'DG080325-3319-0004', '2025-03-08 19:05:00', 13, 'double', 'sudah', 'ulang', '2026-02-22 12:43:44', '2026-02-22 12:43:44'),
('HSD-DB4DD84E', 'PND-9B4ECE0E', 'DG050425-3319-0008', '2025-04-05 08:35:00', 33, 'double', 'sudah', 'ulang', '2026-02-22 12:43:42', '2026-02-22 12:43:42'),
('HSD-DB5E59FD', 'PND-E0605B0F', 'DG080525-3319-0020', '2025-05-08 19:44:00', 79, 'double', 'sudah', 'ulang', '2026-02-22 12:43:44', '2026-02-22 12:43:44'),
('HSD-DB618E5C', 'PND-C7561F87', 'DG040125-3319-0024', '2025-01-04 17:40:00', 23, 'double', 'sudah', 'ulang', '2026-02-22 12:43:42', '2026-02-22 12:43:42'),
('HSD-DC20D6BF', 'PND-03F54AFA', 'DG060125-3319-0008', '2025-01-06 11:42:00', 6, 'double', 'sudah', 'ulang', '2026-02-22 12:43:43', '2026-02-22 12:43:43'),
('HSD-DC2C50BF', 'PND-6003859A', 'DG070425-3319-0042', '2025-04-07 17:17:00', 23, 'double', 'sudah', 'ulang', '2026-02-22 12:43:43', '2026-02-22 12:43:43'),
('HSD-DC979EBA', 'PND-93D4ECE8', 'DG060425-3319-0012', '2025-04-06 08:27:00', 27, 'double', 'sudah', 'ulang', '2026-02-22 12:43:43', '2026-02-22 12:43:43'),
('HSD-DD06C7B3', 'PND-6037B99D', 'DG040425-3319-0020', '2025-04-04 09:52:00', 6, 'double', 'sudah', 'ulang', '2026-02-22 12:43:42', '2026-02-22 12:43:42'),
('HSD-DD23CC93', 'PND-3E804850', 'DG070525-3319-0001', '2025-05-07 08:40:00', 17, 'double', 'sudah', 'ulang', '2026-02-22 12:43:43', '2026-02-22 12:43:43'),
('HSD-DD44EC60', 'PND-6F40F85D', 'DG030525-3319-0006', '2025-05-03 11:15:00', 8, 'double', 'sudah', 'ulang', '2026-02-22 12:43:42', '2026-02-22 12:43:42'),
('HSD-DD5E526F', 'PND-63A9638D', 'DG050225-3319-0015', '2025-02-05 13:56:00', 3, 'double', 'sudah', 'ulang', '2026-02-22 12:43:42', '2026-02-22 12:43:42'),
('HSD-DD7C3E34', 'PND-276F0901', 'DG030525-3319-0001', '2025-05-03 08:27:00', 29, 'double', 'sudah', 'ulang', '2026-02-22 12:43:42', '2026-02-22 12:43:42'),
('HSD-DD94E1AC', 'PND-0BD43E6B', 'DG010225-3319-0004', '2025-02-01 10:51:00', 1, 'double', 'sudah', 'baru', '2026-02-22 12:43:41', '2026-02-22 12:43:41'),
('HSD-DDD4C5BB', 'PND-2F712B53', 'DG050425-3319-0073', '2025-04-05 20:52:00', 1, 'double', 'sudah', 'baru', '2026-02-22 12:43:43', '2026-02-22 12:43:43'),
('HSD-DE08EE1B', 'PND-735F8549', 'DG080425-3319-0013', '2025-04-08 10:43:00', 3, 'triple', 'sudah', 'ulang', '2026-02-22 12:43:44', '2026-02-22 12:43:44'),
('HSD-DE306ABE', 'PND-757DF29F', 'DG050425-3319-0066', '2025-04-05 20:10:00', 4, 'double', 'sudah', 'ulang', '2026-02-22 12:43:43', '2026-02-22 12:43:43'),
('HSD-E0016DE6', 'PND-F57337D5', 'DG050425-3319-0055', '2025-04-05 18:36:00', 24, 'double', 'sudah', 'ulang', '2026-02-22 12:43:43', '2026-02-22 12:43:43'),
('HSD-E02B0114', 'PND-6F712B09', 'DG080125-3319-0005', '2025-01-08 11:57:00', 5, 'double', 'sudah', 'ulang', '2026-02-22 12:43:43', '2026-02-22 12:43:43'),
('HSD-E0E662B4', 'PND-409F659B', 'DG060425-3319-0016', '2025-04-06 09:38:00', 24, 'triple', 'sudah', 'ulang', '2026-02-22 12:43:43', '2026-02-22 12:43:43'),
('HSD-E16C9D5F', 'PND-F80B479A', 'DG040425-3319-0029', '2025-04-04 12:28:00', 5, 'double', 'sudah', 'ulang', '2026-02-22 12:43:42', '2026-02-22 12:43:42'),
('HSD-E1BC26DA', 'PND-0A6590A3', 'DG090125-3319-0008', '2025-01-09 15:22:00', 32, 'double', 'sudah', 'ulang', '2026-02-22 12:43:44', '2026-02-22 12:43:44'),
('HSD-E1C5A721', 'PND-9978AC11', 'DG020425-3319-0011', '2025-04-02 10:28:00', 25, 'double', 'sudah', 'ulang', '2026-02-22 12:43:41', '2026-02-22 12:43:41'),
('HSD-E274D1C6', 'PND-6B3394E0', 'DG070425-3319-0047', '2025-04-07 18:11:00', 35, 'double', 'sudah', 'ulang', '2026-02-22 12:43:43', '2026-02-22 12:43:43'),
('HSD-E29E12D9', 'PND-B31D94B8', 'DG070425-3319-0025', '2025-04-07 12:03:00', 66, 'double', 'sudah', 'ulang', '2026-02-22 12:43:43', '2026-02-22 12:43:43'),
('HSD-E29E2FA6', 'PND-13D3A928', 'DG040525-3319-0045', '2025-05-04 19:28:00', 5, 'double', 'sudah', 'ulang', '2026-02-22 12:43:42', '2026-02-22 12:43:42'),
('HSD-E2B82C60', 'PND-404B41B0', 'DG070425-3319-0064', '2025-04-07 21:57:00', 1, 'double', 'sudah', 'baru', '2026-02-22 12:43:43', '2026-02-22 12:43:43'),
('HSD-E2E6E409', 'PND-D3DE19D5', 'DG020425-3319-0058', '2025-04-02 21:04:00', 2, 'double', 'sudah', 'ulang', '2026-02-22 12:43:41', '2026-02-22 12:43:41'),
('HSD-E2F518D9', 'PND-272D5EEB', 'DG070525-3319-0015', '2025-05-07 16:33:00', 13, 'double', 'sudah', 'ulang', '2026-02-22 12:43:43', '2026-02-22 12:43:43'),
('HSD-E328996D', 'PND-2C71101C', 'DG080425-3319-0056', '2025-04-08 21:45:00', 34, 'double', 'sudah', 'ulang', '2026-02-22 12:43:44', '2026-02-22 12:43:44'),
('HSD-E3F2B022', 'PND-74C58ED8', 'DG040525-3319-0013', '2025-05-04 09:47:00', 33, 'triple', 'sudah', 'ulang', '2026-02-22 12:43:42', '2026-02-22 12:43:42'),
('HSD-E43B8365', 'PND-0D4B44EB', 'DG040425-3319-0073', '2025-04-04 20:33:00', 41, 'double', 'sudah', 'ulang', '2026-02-22 12:43:42', '2026-02-22 12:43:42'),
('HSD-E4AFDB66', 'PND-B9FBFEBC', 'DG010425-3319-0024', '2025-04-01 17:32:00', 32, 'double', 'sudah', 'ulang', '2026-02-22 12:43:41', '2026-02-22 12:43:41'),
('HSD-E4F50755', 'PND-9AADEBC0', 'DG020425-3319-0041', '2025-04-02 18:56:00', 6, 'double', 'sudah', 'ulang', '2026-02-22 12:43:41', '2026-02-22 12:43:41'),
('HSD-E50B9106', 'PND-6A62232C', 'DG090225-3319-0011', '2025-02-09 17:48:00', 6, 'double', 'sudah', 'ulang', '2026-02-22 12:43:44', '2026-02-22 12:43:44'),
('HSD-E577C5BF', 'PND-A6B2644C', 'DG050425-3319-0023', '2025-04-05 12:04:00', 4, 'double', 'sudah', 'ulang', '2026-02-22 12:43:42', '2026-02-22 12:43:42'),
('HSD-E5BD5E9E', 'PND-85EE7CDD', 'DG040425-3319-0052', '2025-04-04 16:39:00', 1, 'double', 'sudah', 'baru', '2026-02-22 12:43:42', '2026-02-22 12:43:42'),
('HSD-E5C54FF8', 'PND-BDAF8336', 'DG050325-3319-0024', '2025-03-05 20:51:00', 12, 'double', 'sudah', 'ulang', '2026-02-22 12:43:42', '2026-02-22 12:43:42'),
('HSD-E5FB395B', 'PND-09567209', 'DG010125-3319-0003', '2025-01-01 10:40:00', 48, 'triple', 'sudah', 'ulang', '2026-02-22 12:43:41', '2026-02-22 12:43:41'),
('HSD-E61FA6A7', 'PND-D561CAD6', 'DG040525-3319-0028', '2025-05-04 12:19:00', 33, 'double', 'sudah', 'ulang', '2026-02-22 12:43:42', '2026-02-22 12:43:42'),
('HSD-E6B9B359', 'PND-B5D2B4A5', 'DG020425-3319-0047', '2025-04-02 19:39:00', 5, 'double', 'sudah', 'ulang', '2026-02-22 12:43:41', '2026-02-22 12:43:41'),
('HSD-E6F7AFB5', 'PND-8616997E', 'DG020425-3319-0013', '2025-04-02 11:08:00', 9, 'double', 'sudah', 'ulang', '2026-02-22 12:43:41', '2026-02-22 12:43:41'),
('HSD-E7453CC5', 'PND-61502503', 'DG060425-3319-0031', '2025-04-06 12:17:00', 1, 'double', 'sudah', 'baru', '2026-02-22 12:43:43', '2026-02-22 12:43:43'),
('HSD-E76CF711', 'PND-9717E553', 'DG050325-3319-0003', '2025-03-05 08:21:00', 100, 'triple', 'sudah', 'ulang', '2026-02-22 12:43:42', '2026-02-22 12:43:42'),
('HSD-E76E5F5F', 'PND-66F95947', 'DG040225-3319-0034', '2025-02-04 12:59:00', 9, 'double', 'sudah', 'ulang', '2026-02-22 12:43:42', '2026-02-22 12:43:42'),
('HSD-E77D152F', 'PND-F6210CE1', 'DG020525-3319-0028', '2025-05-02 21:42:00', 3, 'double', 'sudah', 'ulang', '2026-02-22 12:43:41', '2026-02-22 12:43:41'),
('HSD-E7FB52F9', 'PND-A56F47E8', 'DG010325-3319-0005', '2025-03-01 14:22:00', 14, 'double', 'sudah', 'ulang', '2026-02-22 12:43:41', '2026-02-22 12:43:41'),
('HSD-E8BFD1FC', 'PND-E1E5BCD7', 'DG040225-3319-0047', '2025-02-04 13:12:00', 1, 'double', 'sudah', 'baru', '2026-02-22 12:43:42', '2026-02-22 12:43:42'),
('HSD-EA530DB5', 'PND-874B2F6D', 'DG080525-3319-0018', '2025-05-08 19:19:00', 11, 'double', 'sudah', 'ulang', '2026-02-22 12:43:44', '2026-02-22 12:43:44'),
('HSD-EAF32617', 'PND-3946BB09', 'DG030425-3319-0023', '2025-04-03 09:35:00', 1, 'double', 'sudah', 'baru', '2026-02-22 12:43:42', '2026-02-22 12:43:42'),
('HSD-EB1FE396', 'PND-B6722A9F', 'DG010425-3319-0003', '2025-04-01 00:45:00', 1, 'double', 'sudah', 'baru', '2026-02-22 12:43:41', '2026-02-22 12:43:41'),
('HSD-EB8F0CFE', 'PND-F489D25B', 'DG070225-3319-0015', '2025-02-07 13:37:00', 57, 'double', 'sudah', 'ulang', '2026-02-22 12:43:43', '2026-02-22 12:43:43'),
('HSD-EC07C93D', 'PND-D9E49654', 'DG080425-3319-0039', '2025-04-08 16:57:00', 5, 'double', 'sudah', 'ulang', '2026-02-22 12:43:44', '2026-02-22 12:43:44'),
('HSD-EC120835', 'PND-2EEB8AB3', 'DG020425-3319-0046', '2025-04-02 19:37:00', 7, 'double', 'sudah', 'ulang', '2026-02-22 12:43:41', '2026-02-22 12:43:41'),
('HSD-EC83D2F8', 'PND-5604E724', 'DG040425-3319-0047', '2025-04-04 14:57:00', 8, 'triple', 'sudah', 'ulang', '2026-02-22 12:43:42', '2026-02-22 12:43:42'),
('HSD-ED420E5B', 'PND-BDE8A997', 'DG080125-3319-0016', '2025-01-08 19:17:00', 7, 'triple', 'sudah', 'ulang', '2026-02-22 12:43:43', '2026-02-22 12:43:43'),
('HSD-ED6F1DDF', 'PND-D9B5AD27', 'DG030525-3319-0030', '2025-05-03 20:17:00', 3, 'double', 'sudah', 'ulang', '2026-02-22 12:43:42', '2026-02-22 12:43:42'),
('HSD-ED7211D7', 'PND-4E5ADC45', 'DG080425-3319-0011', '2025-04-08 10:10:00', 45, 'double', 'sudah', 'ulang', '2026-02-22 12:43:44', '2026-02-22 12:43:44'),
('HSD-EDBA57A1', 'PND-4929570E', 'DG040225-3319-0013', '2025-02-04 12:41:00', 2, 'double', 'sudah', 'ulang', '2026-02-22 12:43:42', '2026-02-22 12:43:42'),
('HSD-EDC4B8F5', 'PND-F57337D5', 'DG010125-3319-0001', '2025-01-01 07:44:00', 23, 'double', 'sudah', 'ulang', '2026-02-22 12:43:41', '2026-02-22 12:43:41'),
('HSD-EE3805FA', 'PND-5EF46E67', 'DG040425-3319-0019', '2025-04-04 09:33:00', 1, 'double', 'sudah', 'baru', '2026-02-22 12:43:42', '2026-02-22 12:43:42'),
('HSD-EE597DA1', 'PND-53C8223F', 'DG060325-3319-0002', '2025-03-06 08:22:00', 17, 'double', 'sudah', 'ulang', '2026-02-22 12:43:43', '2026-02-22 12:43:43'),
('HSD-EE85EEA5', 'PND-6AE982B8', 'DG090125-3319-0014', '2025-01-09 19:43:00', 5, 'double', 'sudah', 'ulang', '2026-02-22 12:43:44', '2026-02-22 12:43:44'),
('HSD-EE8D77BE', 'PND-8CB503C1', 'DG030425-3319-0052', '2025-04-03 17:06:00', 1, 'double', 'sudah', 'baru', '2026-02-22 12:43:42', '2026-02-22 12:43:42'),
('HSD-EE92EF97', 'PND-831C1AF5', 'DG060525-3319-0009', '2025-05-06 12:02:00', 5, 'double', 'sudah', 'ulang', '2026-02-22 12:43:43', '2026-02-22 12:43:43'),
('HSD-EEA39FF8', 'PND-0FE2C88F', 'DG070425-3319-0016', '2025-04-07 10:43:00', 5, 'triple', 'sudah', 'ulang', '2026-02-22 12:43:43', '2026-02-22 12:43:43'),
('HSD-EF3FEA92', 'PND-E7C7510B', 'DG040125-3319-0013', '2025-01-04 12:58:00', 24, 'triple', 'sudah', 'ulang', '2026-02-22 12:43:42', '2026-02-22 12:43:42'),
('HSD-EF50EF38', 'PND-65B7E2E0', 'DG040225-3319-0031', '2025-02-04 12:57:00', 44, 'double', 'sudah', 'ulang', '2026-02-22 12:43:42', '2026-02-22 12:43:42'),
('HSD-EFBB7926', 'PND-30855E4F', 'DG050425-3319-0072', '2025-04-05 20:50:00', 1, 'double', 'sudah', 'baru', '2026-02-22 12:43:43', '2026-02-22 12:43:43'),
('HSD-EFBDE644', 'PND-F9EA6B8A', 'DG080225-3319-0008', '2025-02-08 09:47:00', 36, 'double', 'sudah', 'ulang', '2026-02-22 12:43:44', '2026-02-22 12:43:44'),
('HSD-EFEEBDB2', 'PND-BB2E7C16', 'DG070225-3319-0029', '2025-02-07 18:19:00', 3, 'double', 'sudah', 'ulang', '2026-02-22 12:43:43', '2026-02-22 12:43:43'),
('HSD-F21ACCF8', 'PND-0FC176F9', 'DG010125-3319-0004', '2025-01-01 11:54:00', 2, 'double', 'sudah', 'ulang', '2026-02-22 12:43:41', '2026-02-22 12:43:41'),
('HSD-F230D4AB', 'PND-37F287BF', 'DG060125-3319-0034', '2025-01-06 19:59:00', 10, 'double', 'sudah', 'ulang', '2026-02-22 12:43:43', '2026-02-22 12:43:43'),
('HSD-F273AFEE', 'PND-66ACB7CD', 'DG070425-3319-0035', '2025-04-07 15:47:00', 5, 'double', 'sudah', 'ulang', '2026-02-22 12:43:43', '2026-02-22 12:43:43'),
('HSD-F2D5CC9D', 'PND-42F3EF44', 'DG080125-3319-0012', '2025-01-08 17:36:00', 6, 'double', 'sudah', 'ulang', '2026-02-22 12:43:43', '2026-02-22 12:43:43'),
('HSD-F36F2D3A', 'PND-8AC0194D', 'DG080425-3319-0053', '2025-04-08 21:21:00', 22, 'triple', 'sudah', 'ulang', '2026-02-22 12:43:44', '2026-02-22 12:43:44'),
('HSD-F398A11B', 'PND-F4BE2368', 'DG030525-3319-0009', '2025-05-03 13:45:00', 9, 'double', 'sudah', 'ulang', '2026-02-22 12:43:42', '2026-02-22 12:43:42'),
('HSD-F399AFC6', 'PND-0BDB544F', 'DG020125-3319-0017', '2025-01-02 20:43:00', 1, 'double', 'sudah', 'baru', '2026-02-22 12:43:41', '2026-02-22 12:43:41'),
('HSD-F3EB3B70', 'PND-043D7E04', 'DG060425-3319-0033', '2025-04-06 12:36:00', 5, 'double', 'sudah', 'ulang', '2026-02-22 12:43:43', '2026-02-22 12:43:43'),
('HSD-F45A0C2C', 'PND-B807F3F7', 'DG070125-3319-0017', '2025-01-07 19:01:00', 7, 'double', 'sudah', 'ulang', '2026-02-22 12:43:43', '2026-02-22 12:43:43'),
('HSD-F47DA5D6', 'PND-1584593B', 'DG030425-3319-0035', '2025-04-03 12:25:00', 1, 'double', 'sudah', 'baru', '2026-02-22 12:43:42', '2026-02-22 12:43:42'),
('HSD-F49DB0FB', 'PND-D8B48E34', 'DG090225-3319-0002', '2025-02-09 08:59:00', 18, 'double', 'sudah', 'ulang', '2026-02-22 12:43:44', '2026-02-22 12:43:44'),
('HSD-F5285988', 'PND-F9911EE2', 'DG070525-3319-0008', '2025-05-07 11:15:00', 4, 'double', 'sudah', 'ulang', '2026-02-22 12:43:43', '2026-02-22 12:43:43'),
('HSD-F5541A1B', 'PND-743C96AB', 'DG050425-3319-0054', '2025-04-05 18:27:00', 1, 'double', 'sudah', 'baru', '2026-02-22 12:43:43', '2026-02-22 12:43:43'),
('HSD-F572A487', 'PND-CCF2B6D1', 'DG050525-3319-0031', '2025-05-05 20:26:00', 4, 'double', 'sudah', 'ulang', '2026-02-22 12:43:43', '2026-02-22 12:43:43'),
('HSD-F6006E3C', 'PND-B6407147', 'DG050125-3319-0019', '2025-01-05 16:36:00', 8, 'double', 'sudah', 'ulang', '2026-02-22 12:43:42', '2026-02-22 12:43:42'),
('HSD-F626B359', 'PND-0BB904AB', 'DG070425-3319-0052', '2025-04-07 19:07:00', 7, 'double', 'sudah', 'ulang', '2026-02-22 12:43:43', '2026-02-22 12:43:43'),
('HSD-F6370336', 'PND-E640C4DA', 'DG010525-3319-0015', '2025-05-01 16:36:00', 15, 'double', 'sudah', 'ulang', '2026-02-22 12:43:41', '2026-02-22 12:43:41'),
('HSD-F6C4D729', 'PND-CDD79B91', 'DG050425-3319-0088', '2025-04-05 23:47:00', 1, 'double', 'sudah', 'baru', '2026-02-22 12:43:43', '2026-02-22 12:43:43'),
('HSD-F702F03C', 'PND-41E56DA8', 'DG010425-3319-0028', '2025-04-01 19:31:00', 1, 'triple', 'sudah', 'baru', '2026-02-22 12:43:41', '2026-02-22 12:43:41'),
('HSD-F73CE09D', 'PND-7430509D', 'DG040425-3319-0080', '2025-04-04 23:37:00', 1, 'triple', 'sudah', 'baru', '2026-02-22 12:43:42', '2026-02-22 12:43:42'),
('HSD-F86B53D0', 'PND-3DC0DFBD', 'DG060425-3319-0065', '2025-04-06 19:24:00', 1, 'double', 'sudah', 'baru', '2026-02-22 12:43:43', '2026-02-22 12:43:43'),
('HSD-F97230E8', 'PND-2A715D6B', 'DG030125-3319-0024', '2025-01-03 17:11:00', 2, 'triple', 'sudah', 'ulang', '2026-02-22 12:43:41', '2026-02-22 12:43:41'),
('HSD-FA3FE7CF', 'PND-1F5CDDEE', 'DG030425-3319-0053', '2025-04-03 17:10:00', 1, 'triple', 'sudah', 'baru', '2026-02-22 12:43:42', '2026-02-22 12:43:42'),
('HSD-FA89F1BE', 'PND-4FCDD475', 'DG020225-3319-0016', '2025-02-02 20:49:00', 1, 'double', 'sudah', 'baru', '2026-02-22 12:43:41', '2026-02-22 12:43:41'),
('HSD-FAC08133', 'PND-EF48021C', 'DG040125-3319-0019', '2025-01-04 16:39:00', 2, 'double', 'sudah', 'ulang', '2026-02-22 12:43:42', '2026-02-22 12:43:42'),
('HSD-FB56AA46', 'PND-1A306896', 'DG040225-3319-0042', '2025-02-04 13:03:00', 17, 'double', 'sudah', 'ulang', '2026-02-22 12:43:42', '2026-02-22 12:43:42'),
('HSD-FC221C73', 'PND-2F8E78B6', 'DG050125-3319-0022', '2025-01-05 17:40:00', 56, 'double', 'sudah', 'ulang', '2026-02-22 12:43:42', '2026-02-22 12:43:42'),
('HSD-FC2438C8', 'PND-61C8DBA3', 'DG080425-3319-0054', '2025-04-08 21:23:00', 17, 'triple', 'sudah', 'ulang', '2026-02-22 12:43:44', '2026-02-22 12:43:44'),
('HSD-FC2FC784', 'PND-9841D26D', 'DG050225-3319-0017', '2025-02-05 16:34:00', 37, 'double', 'sudah', 'ulang', '2026-02-22 12:43:42', '2026-02-22 12:43:42'),
('HSD-FC4869A9', 'PND-61F892A5', 'DG080225-3319-0019', '2025-02-08 14:51:00', 3, 'double', 'sudah', 'ulang', '2026-02-22 12:43:44', '2026-02-22 12:43:44'),
('HSD-FCF581E8', 'PND-74C121A5', 'DG030425-3319-0071', '2025-04-03 20:23:00', 1, 'triple', 'sudah', 'baru', '2026-02-22 12:43:42', '2026-02-22 12:43:42'),
('HSD-FD2830F4', 'PND-17F707D8', 'DG050125-3319-0025', '2025-01-05 18:33:00', 18, 'double', 'sudah', 'ulang', '2026-02-22 12:43:42', '2026-02-22 12:43:42'),
('HSD-FD47E055', 'PND-762C235D', 'DG080225-3319-0026', '2025-02-08 18:55:00', 55, 'double', 'sudah', 'ulang', '2026-02-22 12:43:44', '2026-02-22 12:43:44'),
('HSD-FDAD8EAB', 'PND-0DFF6E7E', 'DG030125-3319-0002', '2025-01-03 09:52:00', 94, 'triple', 'sudah', 'ulang', '2026-02-22 12:43:41', '2026-02-22 12:43:41'),
('HSD-FDCBED42', 'PND-733D1650', 'DG030425-3319-0034', '2025-04-03 12:17:00', 108, 'double', 'sudah', 'ulang', '2026-02-22 12:43:42', '2026-02-22 12:43:42'),
('HSD-FE386B37', 'PND-867BCB46', 'DG050425-3319-0087', '2025-04-05 23:46:00', 1, 'double', 'sudah', 'baru', '2026-02-22 12:43:43', '2026-02-22 12:43:43'),
('HSD-FE548603', 'PND-CB6D3090', 'DG040425-3319-0015', '2025-04-04 09:25:00', 6, 'double', 'sudah', 'ulang', '2026-02-22 12:43:42', '2026-02-22 12:43:42'),
('HSD-FE7EED24', 'PND-300134DF', 'DG080325-3319-0006', '2025-03-08 19:41:00', 18, 'triple', 'sudah', 'ulang', '2026-02-22 12:43:44', '2026-02-22 12:43:44'),
('HSD-FE87A3BE', 'PND-8B8D9341', 'DG010225-3319-0014', '2025-02-01 16:38:00', 34, 'double', 'sudah', 'ulang', '2026-02-22 12:43:41', '2026-02-22 12:43:41'),
('HSD-FE9970E9', 'PND-EC871AC7', 'DG080325-3319-0010', '2025-03-08 20:02:00', 26, 'triple', 'sudah', 'ulang', '2026-02-22 12:43:44', '2026-02-22 12:43:44'),
('HSD-FECEC1B3', 'PND-04F5194A', 'DG090125-3319-0004', '2025-01-09 11:08:00', 10, 'double', 'sudah', 'ulang', '2026-02-22 12:43:44', '2026-02-22 12:43:44'),
('HSD-FEDCAE0D', 'PND-AEAF6605', 'DG040425-3319-0004', '2025-04-04 00:08:00', 1, 'double', 'sudah', 'baru', '2026-02-22 12:43:42', '2026-02-22 12:43:42'),
('HSD-FEDDE120', 'PND-8F889BB7', 'DG020225-3319-0002', '2025-02-02 09:21:00', 70, 'double', 'sudah', 'ulang', '2026-02-22 12:43:41', '2026-02-22 12:43:41'),
('HSD-FF34F63B', 'PND-3F9A8165', 'DG030125-3319-0030', '2025-01-03 20:16:00', 17, 'double', 'sudah', 'ulang', '2026-02-22 12:43:42', '2026-02-22 12:43:42'),
('HSD-FF89353E', 'PND-F13F563F', 'DG020325-3319-0014', '2025-03-02 20:23:00', 73, 'double', 'sudah', 'ulang', '2026-02-22 12:43:41', '2026-02-22 12:43:41'),
('HSD-FFFA8D36', 'PND-883EEC97', 'DG050425-3319-0040', '2025-04-05 15:29:00', 25, 'triple', 'sudah', 'ulang', '2026-02-22 12:43:42', '2026-02-22 12:43:42');

-- --------------------------------------------------------

--
-- Table structure for table `data_pendonor`
--

CREATE TABLE `data_pendonor` (
  `id_pendonor` varchar(25) COLLATE utf8mb4_general_ci NOT NULL,
  `id_pendonor_pusat` varchar(25) COLLATE utf8mb4_general_ci NOT NULL,
  `nama_pendonor` varchar(100) COLLATE utf8mb4_general_ci NOT NULL,
  `alamat` text COLLATE utf8mb4_general_ci NOT NULL,
  `no_hp` varchar(20) COLLATE utf8mb4_general_ci NOT NULL,
  `umur` int NOT NULL,
  `jenis_kelamin` enum('L','P') COLLATE utf8mb4_general_ci NOT NULL,
  `golongan_darah` enum('A+','A-','B+','B-','AB+','AB-','O+','O-') COLLATE utf8mb4_general_ci NOT NULL,
  `kecamatan` varchar(100) COLLATE utf8mb4_general_ci NOT NULL,
  `created_at` datetime DEFAULT CURRENT_TIMESTAMP,
  `updated_at` datetime DEFAULT CURRENT_TIMESTAMP ON UPDATE CURRENT_TIMESTAMP
) ENGINE=InnoDB DEFAULT CHARSET=utf8mb4 COLLATE=utf8mb4_general_ci;

--
-- Dumping data for table `data_pendonor`
--

INSERT INTO `data_pendonor` (`id_pendonor`, `id_pendonor_pusat`, `nama_pendonor`, `alamat`, `no_hp`, `umur`, `jenis_kelamin`, `golongan_darah`, `kecamatan`, `created_at`, `updated_at`) VALUES
('PND-0121E740', '3319DGYOH000016', 'Yohanes Kevin Patola', 'Sekaran purwosari 1/5', '82329666294', 31, 'L', 'O+', 'kota', '2026-02-22 12:11:18', '2026-02-22 12:11:18'),
('PND-0126DE4E', '3319DGMUH000487', 'Muhamad Ridwan', 'Gulang 06/02', '8557930519', 44, 'L', 'O+', 'mejobo', '2026-02-22 12:11:18', '2026-02-22 12:11:18'),
('PND-01701EC9', '3319DGNUR000356', 'Nurul Hikmawati', 'Peganjaran 5/2', '87719071106', 27, 'P', 'O+', 'bae', '2026-02-22 12:11:17', '2026-02-22 12:11:17'),
('PND-02476E61', '3319DGDEN000051', 'Deni Prabowo', 'Gondangmanis 7/4', '85875272237', 26, 'L', 'AB+', 'bae', '2026-02-22 12:11:17', '2026-02-22 12:11:17'),
('PND-025A24E2', '3319M2ERM000004', 'Erma Wati', 'Jati kulon 4/5', '8976317161', 34, 'P', 'B+', 'jati', '2026-02-22 12:11:18', '2026-02-22 12:11:18'),
('PND-02AD4004', '3319DGRIS000031', 'Riski Nurrohman', 'Prambatan Kidul 11/4', '8562782588', 44, 'L', 'B+', 'kaliwungu', '2026-02-22 12:11:18', '2026-02-22 12:11:18'),
('PND-02BF7B7E', '3319DGRIZ000019', 'RIZQI KURNIA rismawan', 'JATI WETAN 3/2', '87729000234', 28, 'L', 'O+', 'jati', '2026-02-22 12:11:18', '2026-02-22 12:11:18'),
('PND-03BD3BA5', '3319M1AFL000001', 'Aflah Baihaqi', 'Pasuruan Kidul 6/2', '85712279492', 26, 'L', 'O+', 'jati', '2026-02-22 12:11:18', '2026-02-22 12:11:18'),
('PND-03F54AFA', '3319DGFIN000005', 'Fineta Devi', 'Jl Ganesha Timur 921A 5/7', '85868888077', 29, 'P', 'AB+', 'kota', '2026-02-22 12:11:18', '2026-02-22 12:11:18'),
('PND-043D7E04', '3319M1RAD000002', 'Radyan Ari Wibowo', 'Getas Pejaten 8/4', '85640225835', 31, 'L', 'B+', 'jati', '2026-02-22 12:11:18', '2026-02-22 12:11:18'),
('PND-04481890', '3319M1CHO000005', 'Choiril Sulaiman', 'Wergu wetan 3/1', '85640662335', 32, 'L', 'AB+', 'kota', '2026-02-22 12:11:17', '2026-02-22 12:11:17'),
('PND-048957F4', '3319DGIMM000002', 'Immanuella Irene Angela', 'Muria Indah 565 8/7', '8884019099', 22, 'P', 'O+', 'bae', '2026-02-22 12:11:18', '2026-02-22 12:11:18'),
('PND-04F5194A', '3319DGMUH000352', 'Muhamad Samsul Huda', 'Ds Mijen 5/4', '85741281391', 41, 'L', 'O+', 'kaliwungu', '2026-02-22 12:11:19', '2026-02-22 12:11:19'),
('PND-053D6859', '3319DGSUG000034', 'Sugianto', 'Garung Lor 1/3', '87831816127', 46, 'L', 'B+', 'kaliwungu', '2026-02-22 12:11:17', '2026-02-22 12:11:17'),
('PND-058C07F5', '3319M2ANG000021', 'Anggoro Wicaksono', 'Mlati Kidul 2/1', '81809312692', 28, 'L', 'O+', 'kota', '2026-02-22 12:11:19', '2026-02-22 12:11:19'),
('PND-059BC13D', '3319DGSud000008', 'Sudjatmiko', 'Jepang 01/10', '85225109690', 55, 'L', 'AB+', 'mejobo', '2026-02-22 12:11:17', '2026-02-22 12:11:17'),
('PND-05D75CF5', '3319M1MZA000009', 'M Zamroni', 'Jekulo 3/9', '85742233689', 45, 'L', 'B+', 'jekulo', '2026-02-22 12:11:19', '2026-02-22 12:11:19'),
('PND-0610DB75', '3319M1AHM000200', 'Achmad Gunawan', 'Loram wetan 5/1', '895380071319', 41, 'L', 'A+', 'jati', '2026-02-22 12:11:17', '2026-02-22 12:11:17'),
('PND-0617DE9E', '3319M2NIM000005', 'Nimatul Maula', 'Singocandi 1/1', '85870687441', 22, 'P', 'A+', 'kota', '2026-02-22 12:11:18', '2026-02-22 12:11:18'),
('PND-065959E3', '3319M1IAN000001', 'Ian Ariel Handoyo', 'Wergu Kulon 2/3', '85877103994', 27, 'L', 'AB+', 'kota', '2026-02-22 12:11:18', '2026-02-22 12:11:18'),
('PND-06E1F248', '3319DGMYU000005', 'M Yusrun Nada', 'Janggalan 3/1', '82136620517', 20, 'L', 'B+', 'kota', '2026-02-22 12:11:18', '2026-02-22 12:11:18'),
('PND-07485944', '3319MUOni000001', 'Oni Wicaksono', 'Karangampel 4/3 Kaliwungu', '89515528352', 37, 'L', 'B+', 'kaliwungu', '2026-02-22 12:11:18', '2026-02-22 12:11:18'),
('PND-076F4C57', '3319M2NUR000227', 'Nur Aeni', 'Jati Kulon 4/4', '81326005321', 44, 'P', 'O+', 'jati', '2026-02-22 12:11:17', '2026-02-22 12:11:17'),
('PND-07D2807D', '3319M1ERN000013', 'Ernawati', 'Sumberejo 2/4 Kedungsari Gebog', '87746460166', 42, 'P', 'O+', 'gebog', '2026-02-22 12:11:18', '2026-02-22 12:11:18'),
('PND-0814AF06', '3319M5SAM000002', 'Samsul Maarif', 'Undaan Tengah 4/1', '85640931506', 24, 'L', 'B+', 'undaan', '2026-02-22 12:11:18', '2026-02-22 12:11:18'),
('PND-081AAF42', '3319MUAri000044', 'Arif Gunawan', 'Pedak klumpit 2/1', '8557955440', 46, 'L', 'B+', 'gebog', '2026-02-22 12:11:18', '2026-02-22 12:11:18'),
('PND-08C9F6E8', '3319DGSYA000081', 'Syaiful Zakaria Ahmad', 'Prambatan Lor7/4 Kaliwungu', '82221148908', 29, 'L', 'B+', 'kaliwungu', '2026-02-22 12:11:17', '2026-02-22 12:11:17'),
('PND-08F12487', '3319MURub000003', 'Rubiyati', 'Pasuruhan Lor 2/7', '82328361321', 52, 'P', 'O+', 'jati', '2026-02-22 12:11:18', '2026-02-22 12:11:18'),
('PND-094451CE', '3319DGMOH000214', 'Moh.Ulin Nuha', 'Hadipolo 8/5', '85740545996', 34, 'L', 'O+', 'jekulo', '2026-02-22 12:11:17', '2026-02-22 12:11:17'),
('PND-09567209', '3319DGMOC000036', 'Moch Sugiarto', 'Mlati Lor 1/1', '8562664017', 52, 'L', 'O+', 'kota', '2026-02-22 12:11:17', '2026-02-22 12:11:17'),
('PND-09B12280', '3319DGFER000045', 'Fery Ferdian', 'Sadang 4/3', '8979049217', 42, 'L', 'O+', 'jekulo', '2026-02-22 12:11:18', '2026-02-22 12:11:18'),
('PND-0A6590A3', '3319M1MOC000026', 'Mochamad Mustajib', 'Temulus 2/3', '81390876146', 47, 'L', 'B+', 'mejobo', '2026-02-22 12:11:19', '2026-02-22 12:11:19'),
('PND-0AB54CC7', '3319DGNOO000249', 'noor khasanah', 'tergo', '85740538500', 34, 'P', 'B+', 'dawe', '2026-02-22 12:11:18', '2026-02-22 12:11:18'),
('PND-0B3EBB86', '3319M1SAN000005', 'Sanyo Listiono', 'Tanjungkarang 4/2', '85225340144', 49, 'L', 'B+', 'jati', '2026-02-22 12:11:19', '2026-02-22 12:11:19'),
('PND-0B983DD7', '3319DGERW000008', 'Erwin Nurul Yuliadi', 'Demangan 77 3/2', '85640655554', 42, 'L', 'O+', 'kota', '2026-02-22 12:11:18', '2026-02-22 12:11:18'),
('PND-0BA22596', '3319DGCHE000003', 'Chelsea Aulia Madarani', 'Pasuruan Kidul 02/04', '85876907645', 19, 'P', 'O+', 'jati', '2026-02-22 12:11:17', '2026-02-22 12:11:17'),
('PND-0BB904AB', '3319M1MUH000319', 'Muhammad Lailal Muharromi', 'Prambatan Lor 1/3', '81990202727', 27, 'L', 'B+', 'kaliwungu', '2026-02-22 12:11:18', '2026-02-22 12:11:18'),
('PND-0BD43E6B', '3319DGMUK000048', 'Mukhlizardi Afif Irsyadi', 'Perum Muria Asri 03/07', '81229722267', 26, 'L', 'B+', 'bae', '2026-02-22 12:11:17', '2026-02-22 12:11:17'),
('PND-0BDB544F', '3319DGCHA000036', 'Chasiyah', 'Wergu wetan 6/1', '81325872610', 48, 'P', 'A+', 'kota', '2026-02-22 12:11:17', '2026-02-22 12:11:17'),
('PND-0C337499', '3319M4ERI000002', 'Eri Susanto', 'Jurang 1/3', '85727165547', 27, 'L', 'B+', 'gebog', '2026-02-22 12:11:18', '2026-02-22 12:11:18'),
('PND-0D4B44EB', '3319MTTri000021', 'Triyanto', 'Megawon 5/1', '8562732881', 36, 'L', 'B+', 'jati', '2026-02-22 12:11:18', '2026-02-22 12:11:18'),
('PND-0DFF6E7E', '3319DGPri000001', 'Prihatin', 'Mlati Kidul 1/1', '85640477710', 44, 'L', 'O+', 'kota', '2026-02-22 12:11:17', '2026-02-22 12:11:17'),
('PND-0EC566DE', '3319M1SUR000060', 'Suryati', 'Besito 1/6', '85866935169', 39, 'P', 'B+', 'bae', '2026-02-22 12:11:18', '2026-02-22 12:11:18'),
('PND-0F961AEF', '3319DGMUH001011', 'Muhammad Zidan', 'Karangampel 02/02', '88215296885', 25, 'L', 'B+', 'kaliwungu', '2026-02-22 12:11:17', '2026-02-22 12:11:17'),
('PND-0FC176F9', '3319M5ARI000059', 'Ari Ana Widia A', 'Payaman 2/5', '89521610127', 17, 'P', 'B+', 'mejobo', '2026-02-22 12:11:17', '2026-02-22 12:11:17'),
('PND-0FE2C88F', '3319M2TRI000091', 'Tri Widiastuti', 'Pedawang 1/2', '85788622614', 31, 'P', 'B+', 'bae', '2026-02-22 12:11:18', '2026-02-22 12:11:18'),
('PND-10A158F8', '3319DGAHM000306', 'Ahmad Mahfud', 'Kirig 1/3', '82135450539', 40, 'L', 'B+', 'mejobo', '2026-02-22 12:11:17', '2026-02-22 12:11:17'),
('PND-11AD0752', '3319DGIND000043', 'Indarti', 'Perum.Muria Indah Blok.H 565 7/8', '81575196254', 55, 'P', 'O+', 'bae', '2026-02-22 12:11:18', '2026-02-22 12:11:18'),
('PND-120E1A36', '3319M3CAT000001', 'Catur Aditya Nugroho', 'Gulang 5/4', '82136529586', 32, 'L', 'A+', 'mejobo', '2026-02-22 12:11:17', '2026-02-22 12:11:17'),
('PND-126B94F2', '3319MTGal000003', 'Galih Bagus Febrianto', 'Wergu Wetan 2/4 Kota', '85226940896', 38, 'L', 'O+', 'kota', '2026-02-22 12:11:18', '2026-02-22 12:11:18'),
('PND-13D3A928', '3319M1LIS000012', 'Lisman Munthe', 'Getas Pejaten 11/3', '81326781387', 55, 'L', 'B+', 'jati', '2026-02-22 12:11:18', '2026-02-22 12:11:18'),
('PND-145798E7', '3319M4ARI000025', 'Ari Teguh Pambudi', 'Bacin 7/3', '81563549386', 30, 'L', 'B+', 'bae', '2026-02-22 12:11:18', '2026-02-22 12:11:18'),
('PND-1532AA02', '3319M1NOO000044', 'Noor Haryani', 'Gribig 4/1', '85741431911', 47, 'P', 'B+', 'gebog', '2026-02-22 12:11:18', '2026-02-22 12:11:18'),
('PND-1584593B', '3319DGNEN000007', 'Neni Zunita Sari', 'Ngembalrejo 07/06', '85601321399', 30, 'P', 'B+', 'bae', '2026-02-22 12:11:17', '2026-02-22 12:11:17'),
('PND-1586F9E7', '3319DGALY000006', 'Alya Alfia Alsafira', 'Purwosari 4/3', '8818501569', 17, 'P', 'A+', 'kota', '2026-02-22 12:11:17', '2026-02-22 12:11:17'),
('PND-159FA97B', '3319M1DIA000067', 'Dian Arvinno', 'Rendeng 2/7', '85888097562', 24, 'L', 'O+', 'kota', '2026-02-22 12:11:18', '2026-02-22 12:11:18'),
('PND-1682F338', '3319MTNoo000007', 'Noor Afif', 'Kambangan 1/5 Temulus', '85723750291', 37, 'L', 'A+', 'mejobo', '2026-02-22 12:11:18', '2026-02-22 12:11:18'),
('PND-16D50B89', '3319M2UMA000006', 'Umar Wicaksono', 'Panjang 5/2', '895412674862', 33, 'L', 'B+', 'bae', '2026-02-22 12:11:18', '2026-02-22 12:11:18'),
('PND-16DAEF14', '3319MUF1A000001', 'F Andy Setiawan P', 'Megawon 2/4', '85876553010', 38, 'L', 'B+', 'jati', '2026-02-22 12:11:17', '2026-02-22 12:11:17'),
('PND-16E448F0', '3319M1FAR000067', 'Farfisa Akbar', 'Demaan 1/6', '85712164381', 24, 'L', 'O+', 'kota', '2026-02-22 12:11:18', '2026-02-22 12:11:18'),
('PND-1721D491', '3319M2ARI000213', 'Arina Sofiyana', 'Karangampel 4/3 Kaliwung', '89515528352', 27, 'P', 'B+', 'kaliwungu', '2026-02-22 12:11:18', '2026-02-22 12:11:18'),
('PND-1737D3D7', '3319M2WAH000105', 'Wahyu Tristiyanto', 'Jati Kulon 3/5', '81326867927', 37, 'L', 'O+', 'jati', '2026-02-22 12:11:18', '2026-02-22 12:11:18'),
('PND-17DE031C', '3319M2OEM000002', 'Oemar Dani', 'Payaman 2/5', '85700335797', 31, 'L', 'A+', 'mejobo', '2026-02-22 12:11:18', '2026-02-22 12:11:18'),
('PND-17F707D8', '3319M1EDI000057', 'Edi Busono', 'Gribig 5/3', '85225554125', 41, 'L', 'A+', 'gebog', '2026-02-22 12:11:18', '2026-02-22 12:11:18'),
('PND-181581E6', '3319M1FAT000004', 'Fatoni', 'Temulus 5/3', '85641755090', 39, 'L', 'O+', 'mejobo', '2026-02-22 12:11:19', '2026-02-22 12:11:19'),
('PND-18CC8AA1', '3319M2MUL000009', 'Mulyono', 'Tenggeles 1/2', '8122514410', 59, 'L', 'AB+', 'mejobo', '2026-02-22 12:11:18', '2026-02-22 12:11:18'),
('PND-18E1066C', '3319DGERI000020', 'Eiline Tanzil', 'JL Sunan Kudus 58 Demaan', '81393945144', 40, 'P', 'A+', 'kota', '2026-02-22 12:11:18', '2026-02-22 12:11:18'),
('PND-18FEAFBB', '3319M5YUL000002', 'Yuliawan Nugroho', 'Tumpang Krasak 2/1', '85793314354', 47, 'L', 'B+', 'jati', '2026-02-22 12:11:18', '2026-02-22 12:11:18'),
('PND-19070105', '3372DGKMA161346', 'Bias Ayu Rentang Sukma', 'Honggosoco 05/04', '85741484085', 28, 'P', 'O+', 'jekulo', '2026-02-22 12:11:17', '2026-02-22 12:11:17'),
('PND-195126E0', '3319M1SUL000119', 'Sulikan', 'Kesambi 3/2', '85641029880', 48, 'L', 'B+', 'mejobo', '2026-02-22 12:11:18', '2026-02-22 12:11:18'),
('PND-198BD224', '3319DGMUK000038', 'Mukhamad solikin', 'Loram Wetan 03/04', '85808343586', 39, 'L', 'O+', 'jati', '2026-02-22 12:11:17', '2026-02-22 12:11:17'),
('PND-19C1F329', '3319DGMUH001046', 'Muhammad ari nova', 'Honggosoco 5/4', '85878533060', 19, 'L', 'B+', 'jekulo', '2026-02-22 12:11:18', '2026-02-22 12:11:18'),
('PND-1A01265C', '3319M5MUK000012', 'Mukhodah Wahyuni', 'Mijen 4/5', '81227210754', 24, 'P', 'B+', 'kaliwungu', '2026-02-22 12:11:18', '2026-02-22 12:11:18'),
('PND-1A272CDE', '3319MURiz000002', 'Rizal Pahlevi', 'Rendeng 1/7', '85713217251', 39, 'L', 'B+', 'kota', '2026-02-22 12:11:18', '2026-02-22 12:11:18'),
('PND-1A2D9A62', '3319M1DAN000049', 'Dani Hanif Wiratama', 'Getas pejaten 10/2 Jati', '85894103440', 23, 'L', 'B+', 'jati', '2026-02-22 12:11:19', '2026-02-22 12:11:19'),
('PND-1A306896', '3319M4VIR000001', 'Virgiawan Eko Pangestu', 'Gribig 1/3', '85786038832', 24, 'L', 'O+', 'gebog', '2026-02-22 12:11:18', '2026-02-22 12:11:18'),
('PND-1A50E9FB', '3319MTZay000001', 'Zayid Muazam', 'Panjang 2/1', '89670821943', 53, 'L', 'AB+', 'bae', '2026-02-22 12:11:18', '2026-02-22 12:11:18'),
('PND-1A561247', '3319DGSIT000238', 'siti maulani susilowati', 'golan tepus 2/1', '87705325206', 25, 'L', 'B+', 'mejobo', '2026-02-22 12:11:17', '2026-02-22 12:11:17'),
('PND-1A6EF02B', '3319DGEdd000001', 'Eddy Nooryanto', 'Gondangmanis 7/11 Bae', '81225748065', 47, 'L', 'B+', 'bae', '2026-02-22 12:11:17', '2026-02-22 12:11:17'),
('PND-1AFD9868', '3319DGMUH001012', 'Muhamad Shofiyullah', 'Bareng Cempling 02/03', '85798127758', 26, 'L', 'A+', 'jekulo', '2026-02-22 12:11:17', '2026-02-22 12:11:17'),
('PND-1B009296', '3319MTPon000001', 'Ponco Prasetyo', 'Megawon 3/4', '87831804949', 55, 'L', 'A+', 'kaliwungu', '2026-02-22 12:11:18', '2026-02-22 12:11:18'),
('PND-1B5396DC', '3319DGROH000037', 'Rohmad Suluri', 'Kancilan Terban 4/4', '85802864047', 26, 'L', 'B+', 'jekulo', '2026-02-22 12:11:17', '2026-02-22 12:11:17'),
('PND-1B5E3F17', '3319M1SUW000060', 'Suwartono', 'Ngemplak 4/3', '81390542991', 42, 'L', 'O+', 'undaan', '2026-02-22 12:11:18', '2026-02-22 12:11:18'),
('PND-1B64ADE3', '3319MTAhm000028', 'Ahmad Rifqi', 'Karangmalang 1/4 Gebog', '85225970425', 41, 'L', 'O+', 'gebog', '2026-02-22 12:11:18', '2026-02-22 12:11:18'),
('PND-1B8131DA', '3319M2AGU000094', 'Agus Prabowo', 'Kaliputu 5/1 gang 3', '895360119356', 28, 'L', 'A+', 'kota', '2026-02-22 12:11:18', '2026-02-22 12:11:18'),
('PND-1C0D9468', '3319DGKUM000010', 'kumaidi', 'undaan tengah 1/3', '85747254069', 49, 'L', 'O+', 'undaan', '2026-02-22 12:11:18', '2026-02-22 12:11:18'),
('PND-1C2DEE14', '3319M2ACH000041', 'Achmad Ali Imron', 'Mejobo 7/2', '85741212966', 33, 'L', 'O+', 'mejobo', '2026-02-22 12:11:18', '2026-02-22 12:11:18'),
('PND-1D5C3342', '3319MUEdi000002', 'Edi Cahyono', 'Bacin 8/3', '81568308002', 42, 'L', 'AB+', 'bae', '2026-02-22 12:11:18', '2026-02-22 12:11:18'),
('PND-1E21FE4A', '3319M2MMA000003', 'Muhammad Maulidin Syah Putro', 'Bacin 05/01', '85228089726', 28, 'L', 'B+', 'bae', '2026-02-22 12:11:19', '2026-02-22 12:11:19'),
('PND-1E2B347B', '3319M1FEB000019', 'Feby Nugroho', 'Klaling Krajan 4/1', '85726866441', 30, 'L', 'B+', 'jekulo', '2026-02-22 12:11:17', '2026-02-22 12:11:17'),
('PND-1E570F41', '3319M2SEP000006', 'R Septiadi Purnama Putra', 'Jl.Ganesha 2 A RT 6/7', '81943403000', 35, 'L', 'O+', 'kota', '2026-02-22 12:11:19', '2026-02-22 12:11:19'),
('PND-1E77DD76', '3319M1SUR000074', 'Surya Timotius Cokro Sumarto', 'Perum Demangan Residence No 20', '82238898860', 45, 'L', 'AB+', 'kota', '2026-02-22 12:11:17', '2026-02-22 12:11:17'),
('PND-1E9BBD0C', '3319DGMUH000363', 'Muhammad Arif', 'Prambatan Lor 6/3', '85228731641', 38, 'L', 'O+', 'kaliwungu', '2026-02-22 12:11:18', '2026-02-22 12:11:18'),
('PND-1EA7BF52', '3319DGREJ000001', 'Rejo Adi Wibowo', 'Getas Pejaten 7/4', '83842932341', 49, 'L', 'AB+', 'jati', '2026-02-22 12:11:17', '2026-02-22 12:11:17'),
('PND-1EE4C54D', '3319MUAgu000033', 'Agus Supriyanto', 'Demangan 35 2/3', '8122879002', 47, 'L', 'B+', 'kota', '2026-02-22 12:11:18', '2026-02-22 12:11:18'),
('PND-1F5CDDEE', '3319DGNUR000363', 'Nur Jannah', 'Jepang Wetan 2/10', '85798120823', 40, 'P', 'B+', 'mejobo', '2026-02-22 12:11:17', '2026-02-22 12:11:17'),
('PND-20797C24', '3319DGMUK000038', 'Mukhamad solikin', 'Loram Wetan 03/04', '85808343586', 39, 'L', 'O+', 'jati', '2026-02-22 12:11:19', '2026-02-22 12:11:19'),
('PND-21158A10', '3319DGkur000002', 'Kurnia Fitriyanto', 'Margorejo 8/1 Dawe Kudus', '81325774812', 44, 'L', 'AB+', 'dawe', '2026-02-22 12:11:19', '2026-02-22 12:11:19'),
('PND-217EA5BF', '3319DGDid000007', 'Didik Poernomo Prayogo', 'Getas Pejaten 8/2', '8982750772', 66, 'L', 'B+', 'jati', '2026-02-22 12:11:18', '2026-02-22 12:11:18'),
('PND-21A4DDAC', '3319M5CHO000005', 'Choeroni Ramadhan', 'Margorejo 04/01', '85725222519', 26, 'L', 'B+', 'dawe', '2026-02-22 12:11:18', '2026-02-22 12:11:18'),
('PND-232EB1C5', '3319DGRIS000051', 'Riska Putri Filiayuk', 'Dersalam 6/1 Bae', '85728002111', 37, 'P', 'A+', 'bae', '2026-02-22 12:11:19', '2026-02-22 12:11:19'),
('PND-238D0A47', '3319DGFEB000016', 'Feby Eka Prasetya', 'Demaan 3/4', '85747828202', 26, 'L', 'O+', 'kota', '2026-02-22 12:11:18', '2026-02-22 12:11:18'),
('PND-23ACF3F4', '3319M2HAR000059', 'Haris Fuad', 'Glagahwaru 5/3', '85879790197', 27, 'L', 'B+', 'undaan', '2026-02-22 12:11:17', '2026-02-22 12:11:17'),
('PND-24767F22', '3319M1DAR000030', 'Dariyanto', 'Jati wetan 7/2', '81325173962', 28, 'L', 'O+', 'jati', '2026-02-22 12:11:18', '2026-02-22 12:11:18'),
('PND-2485FCDA', '3319M1BUD000074', 'Budiyono', 'Dersalam 6/1', '81280392004', 41, 'L', 'O+', 'bae', '2026-02-22 12:11:18', '2026-02-22 12:11:18'),
('PND-253B4DAA', '3319M1MOC000030', 'Muchamad Naufal', 'Tanjung Rejo 1/5', '82323594444', 50, 'L', 'B+', 'jekulo', '2026-02-22 12:11:18', '2026-02-22 12:11:18'),
('PND-25BA8628', '3319M2SUP000093', 'Supriyono', 'Loram wetan 1/1', '85786502785', 45, 'L', 'A+', 'jati', '2026-02-22 12:11:17', '2026-02-22 12:11:17'),
('PND-25CFA586', '3319MTHen000008', 'Henky Imawan', 'Sidorekso 2/3', '85329847229', 47, 'L', 'O+', 'kaliwungu', '2026-02-22 12:11:18', '2026-02-22 12:11:18'),
('PND-26297141', '3319M1MAR000039', 'Muhammad Arifin', 'Kirig 3/3', '85640581467', 37, 'L', 'O+', 'mejobo', '2026-02-22 12:11:18', '2026-02-22 12:11:18'),
('PND-2686FD16', '3319DGNOO000251', 'NOOR KHAMIMAH', 'JATI KULON 1/5', '82329385878', 45, 'P', 'AB+', 'jati', '2026-02-22 12:11:17', '2026-02-22 12:11:17'),
('PND-269CC870', '3319DGSAR000061', 'Sartono', 'Peganjaran 02/03', '82324704556', 48, 'L', 'A+', 'bae', '2026-02-22 12:11:18', '2026-02-22 12:11:18'),
('PND-27116AE1', '3319M1ADY000006', 'Ady Handayani', 'Jati Wetan 2/1', '85641156642', 39, 'P', 'AB+', 'jati', '2026-02-22 12:11:19', '2026-02-22 12:11:19'),
('PND-27207400', '3319DGSAE000013', 'Saeful Hadi', 'Jojo 2/5', '81228636940', 36, 'L', 'B+', 'mejobo', '2026-02-22 12:11:18', '2026-02-22 12:11:18'),
('PND-2724E646', '3319MUSuk000005', 'Sukarman', 'Jati Kulon 4/2', '8985475110', 57, 'L', 'AB+', 'jati', '2026-02-22 12:11:17', '2026-02-22 12:11:17'),
('PND-272D5EEB', '3319M3TAB000001', 'Tabah Iqbal Anugrah', 'Tumpang Krasak 4/5', '87827778277', 27, 'L', 'O+', 'jati', '2026-02-22 12:11:18', '2026-02-22 12:11:18'),
('PND-2754212C', '3319DGMUH001019', 'Muhammad Nabil robbani', 'Gondosari 2/2', '8515559887', 17, 'L', 'O+', 'gebog', '2026-02-22 12:11:18', '2026-02-22 12:11:18'),
('PND-276F0901', '3319DGEKO000056', 'Eko Purnomo', 'Mejobo 1/2', '85878240151', 37, 'L', 'O+', 'mejobo', '2026-02-22 12:11:17', '2026-02-22 12:11:17'),
('PND-27B6C0B0', '3319M1TRI000112', 'Tri Sutrisno', 'Gondang manis 5/1', '81243624590', 32, 'L', 'O+', 'bae', '2026-02-22 12:11:17', '2026-02-22 12:11:17'),
('PND-2815F30F', '3319DGDAN000048', 'Danang Ragil Saputra', 'Dersalam 3/5', '85777462011', 27, 'L', 'B+', 'bae', '2026-02-22 12:11:18', '2026-02-22 12:11:18'),
('PND-281687A8', '3319DGMas000022', 'Mashudi', 'Ngembal Rejo 5/1', '85290011118', 48, 'L', 'A+', 'bae', '2026-02-22 12:11:18', '2026-02-22 12:11:18'),
('PND-288546D1', '3319M2ANA000026', 'Anang Maulana Prasetya', 'Kauman 4/6 Gulang', '85602206062', 23, 'L', 'O+', 'mejobo', '2026-02-22 12:11:18', '2026-02-22 12:11:18'),
('PND-28FA86F6', '3319DGADI000124', 'Aditya Ari Sandi', 'Undaan Kidul Gg 14', '87813630767', 24, 'L', 'A+', 'undaan', '2026-02-22 12:11:18', '2026-02-22 12:11:18'),
('PND-2907DAE5', '3319M1ADY000006', 'Ady Handayani', 'Jati Wetan 2/1', '85641156642', 39, 'P', 'AB+', 'jati', '2026-02-22 12:11:18', '2026-02-22 12:11:18'),
('PND-291778E2', '3319M1MSH000004', 'M Solikul Hidayat', 'Pasuruhan Lor 1/12', '81222604975', 31, 'L', 'A+', 'jati', '2026-02-22 12:11:18', '2026-02-22 12:11:18'),
('PND-292F56AE', '3319M1MUH000707', 'Muhammad Fahmi Ulum', 'Puyoh 2/2', '85904277700', 24, 'L', 'B+', 'dawe', '2026-02-22 12:11:17', '2026-02-22 12:11:17'),
('PND-293ED8A7', '3319M2MUC000018', 'Muchammad Muhaimin', 'Getas Pejaten 2/1 Jati', '81236643290', 31, 'L', 'B+', 'jati', '2026-02-22 12:11:18', '2026-02-22 12:11:18'),
('PND-2994DB0D', '3319DGWAR000007', 'Warsono', 'Pasuruhan Lor 2/4', '81326161569', 39, 'L', 'B+', 'jati', '2026-02-22 12:11:18', '2026-02-22 12:11:18'),
('PND-2A715D6B', '3319DGADI000119', 'Adi Cahyono', 'Mlati Norowito Gg 6', '85227020785', 44, 'L', 'A+', 'kota', '2026-02-22 12:11:17', '2026-02-22 12:11:17'),
('PND-2AB31B5D', '3319DGRIF000019', 'Rifan', 'Kirig 4/3', '82137301550', 39, 'L', 'AB+', 'mejobo', '2026-02-22 12:11:17', '2026-02-22 12:11:17'),
('PND-2AD0373F', '3319DGDOD000010', 'Dodi Aprianto', 'Jetak Kembang 2/6', '81328021765', 43, 'L', 'O+', 'kota', '2026-02-22 12:11:17', '2026-02-22 12:11:17'),
('PND-2AD29A6C', '3319M2RIK000018', 'Rikho Yulius Anjaya', 'Rendeng Utara 3/3 Kota', '87700078145', 39, 'L', 'A+', 'kota', '2026-02-22 12:11:17', '2026-02-22 12:11:17'),
('PND-2B01FAD5', '3319DGMIF000054', 'Miftakhur Riza', 'Kalirejo 6/1', '85700531486', 25, 'L', 'A+', 'undaan', '2026-02-22 12:11:18', '2026-02-22 12:11:18'),
('PND-2B1B4E59', '3319M5MAG000002', 'Muhammad Agus Prayoga', 'Tumpang krasak 4/6', '895363641761', 24, 'L', 'O+', 'jati', '2026-02-22 12:11:18', '2026-02-22 12:11:18'),
('PND-2B555E95', '3319M1MUH000321', 'Muhammad Ridlwan', 'Jati 3/2', '85777772833', 31, 'L', 'O+', 'jati', '2026-02-22 12:11:18', '2026-02-22 12:11:18'),
('PND-2B66DAE1', '3319DGELI000015', 'Eli Fatmawati', 'Ngemplak 5/2', '85740242649', 35, 'P', 'A+', 'undaan', '2026-02-22 12:11:18', '2026-02-22 12:11:18'),
('PND-2C266866', '3319DGELI000018', 'eli purwati', 'Honggosoco pule 1/3', '85228402350', 22, 'P', 'B+', 'jekulo', '2026-02-22 12:11:18', '2026-02-22 12:11:18'),
('PND-2C71101C', '3319M2SUR000026', 'Suryo Raharjo', 'Jati Wetan 7/2', '89635175584', 29, 'L', 'O+', 'jati', '2026-02-22 12:11:18', '2026-02-22 12:11:18'),
('PND-2CC44691', '3319DGDWI000138', 'Dwi Prastyo', 'Ngelo ngembal 5/4', '81392267709', 30, 'L', 'O+', 'bae', '2026-02-22 12:11:18', '2026-02-22 12:11:18'),
('PND-2CFE337A', '3319DGHAZ000002', 'Hazal Ula', 'Kajeksan No 69A', '85776492069', 29, 'L', 'A+', 'kota', '2026-02-22 12:11:18', '2026-02-22 12:11:18'),
('PND-2DD8782D', '3319DGNAN000029', 'Nanang Kusnandar', 'Panjunan wetan 5/1', '87733660698', 34, 'L', 'B+', 'kota', '2026-02-22 12:11:18', '2026-02-22 12:11:18'),
('PND-2E998E92', '3319DGAMI000055', 'Amiliani', 'Mijen 02/03', '85796016017', 32, 'P', 'AB+', 'kaliwungu', '2026-02-22 12:11:18', '2026-02-22 12:11:18'),
('PND-2EEB8AB3', '3319MTTri000028', 'Tri Budiharto', 'Tanjungrejo 2/10', '87831934039', 45, 'L', 'AB+', 'jekulo', '2026-02-22 12:11:17', '2026-02-22 12:11:17'),
('PND-2F37EE68', '3319DGMEN000001', 'M. Endra Kurniawan', 'Ploso', '85726407225', 34, 'L', 'O+', 'jati', '2026-02-22 12:11:17', '2026-02-22 12:11:17'),
('PND-2F712B53', '3319DGZAL000002', 'zalfa\' haafizhoh', 'loram wetan', '85669471750', 19, 'P', 'O+', 'jati', '2026-02-22 12:11:18', '2026-02-22 12:11:18'),
('PND-2F86D5C3', '3319M4YER000002', 'Yeremia Immanuel', 'Jl Sunan Kudus No 12 Demaan 4/2', '89504471371', 29, 'L', 'O+', 'kota', '2026-02-22 12:11:18', '2026-02-22 12:11:18'),
('PND-2F8E78B6', '3319M1YUS000013', 'Yusuf Falaq', 'Sudimoro 1/7 Gebog', '85726940615', 33, 'L', 'A+', 'gebog', '2026-02-22 12:11:18', '2026-02-22 12:11:18'),
('PND-2F9295FC', '3319M1TRI000076', 'Tri Pangrekso', 'Perum Sumber Indah 2/5', '82227782749', 59, 'L', 'O+', 'mejobo', '2026-02-22 12:11:18', '2026-02-22 12:11:18'),
('PND-2FF28FB6', '3319DGDIS000002', 'Disa Erdiana', 'Mijen 2/7 KAliwungu', '85956752326', 27, 'P', 'O+', 'kaliwungu', '2026-02-22 12:11:18', '2026-02-22 12:11:18'),
('PND-300134DF', '3319M1IFA000006', 'Ifan Maulana', 'Loram Kulon 6/2 Jati', '85229748993', 25, 'L', 'O+', 'jati', '2026-02-22 12:11:18', '2026-02-22 12:11:18'),
('PND-30855E4F', '3319DGSUY000051', 'suyanto', 'payaman 3/1', '81391314975', 43, 'L', 'B+', 'mejobo', '2026-02-22 12:11:18', '2026-02-22 12:11:18'),
('PND-3198D879', '3319MTSol000006', 'Solichin Suyitno', 'Kedungdowo 4/3', '85865197359', 48, 'L', 'B+', 'kaliwungu', '2026-02-22 12:11:18', '2026-02-22 12:11:18'),
('PND-321C5F66', '3319DGAHM000076', 'Ahmad Widiyanto', 'Getas Pejaten 6/4', '81904552287', 30, 'L', 'A+', 'jati', '2026-02-22 12:11:18', '2026-02-22 12:11:18'),
('PND-3230D7C2', '3319M5ADI000020', 'Adit Hermawan', 'Karang bener 4/4', '85726128776', 22, 'L', 'B+', 'bae', '2026-02-22 12:11:18', '2026-02-22 12:11:18'),
('PND-323728FF', '3319M1AGU000170', 'Agus Mulyono', 'Payaman 2/3', '85290949475', 37, 'L', 'O+', 'mejobo', '2026-02-22 12:11:17', '2026-02-22 12:11:17'),
('PND-326CBAB7', '3319DGMUH000191', 'Mochammad Rofik Chalimi', 'Burikan 2/3', '85727426234', 53, 'L', 'B+', 'kota', '2026-02-22 12:11:17', '2026-02-22 12:11:17'),
('PND-329D5B1B', '3319M2SEP000006', 'R Septiadi Purnama Putra', 'Jl.Ganesha 2 A RT 6/7', '81943403000', 35, 'L', 'O+', 'kota', '2026-02-22 12:11:18', '2026-02-22 12:11:18'),
('PND-351C4E69', '3319M2ACH000047', 'Ahmad Maulana Ibrahim', 'Mlatinorowito 2/5', '85602033559', 25, 'L', 'B+', 'kota', '2026-02-22 12:11:19', '2026-02-22 12:11:19'),
('PND-36172673', '3319DGMUH000511', 'Muh Alfiya Wafda', 'Purwosari 4/3', '8996672685', 26, 'L', 'A+', 'kota', '2026-02-22 12:11:18', '2026-02-22 12:11:18'),
('PND-36CA3CD4', '3319M1TRI000016', 'Tri Djoko Widagdo', 'Mejobo 7/3', '8122546299', 57, 'L', 'B+', 'mejobo', '2026-02-22 12:11:18', '2026-02-22 12:11:18'),
('PND-36DBADBB', '3319DGSLA000085', 'Slamet Adi Nugroho', 'Purwosari 1/1', '82221002429', 35, 'L', 'O+', 'kota', '2026-02-22 12:11:17', '2026-02-22 12:11:17'),
('PND-36EAEB3D', '3319DGSIT000028', 'Siti Muyassaroh', 'Klumpit 2/8', '81325539888', 57, 'P', 'A+', 'gebog', '2026-02-22 12:11:18', '2026-02-22 12:11:18'),
('PND-3725CB20', '3319MUBud000017', 'Budi Sutrisno', 'Getas Pejaten 90 9/2', '81575686555', 66, 'L', 'O+', 'jati', '2026-02-22 12:11:18', '2026-02-22 12:11:18'),
('PND-37706364', '3319DGmus000002', 'Mustain', 'Bae Krajan 03/01', '85876219532', 35, 'L', 'AB+', 'bae', '2026-02-22 12:11:18', '2026-02-22 12:11:18'),
('PND-37F287BF', '3319DGAHM000251', 'Ahmad Fatkul Muna', 'Kalirejo 7/1 Undaan', '85290022709', 35, 'L', 'O+', 'undaan', '2026-02-22 12:11:18', '2026-02-22 12:11:18'),
('PND-3830F064', '3319DGEKA000033', 'Eka ferdi kurniawan', 'pasuruhan lor 2/9', '87875288993', 26, 'L', 'B+', 'jati', '2026-02-22 12:11:18', '2026-02-22 12:11:18'),
('PND-3849F28F', '3319M1AHM000347', 'Ahmad Fauzi', 'Wates 1/2 Undaan', '81466826820', 38, 'L', 'A+', 'undaan', '2026-02-22 12:11:17', '2026-02-22 12:11:17'),
('PND-3887359D', '3319MTWac000001', 'Wachid', 'Purwosari 4/7', '85700219758', 52, 'L', 'B+', 'kota', '2026-02-22 12:11:18', '2026-02-22 12:11:18'),
('PND-38B67D2B', '3319M2HAR000053', 'Harisul Falah', 'Tanjungkarang 1/1', '85893097204', 26, 'L', 'O+', 'jati', '2026-02-22 12:11:18', '2026-02-22 12:11:18'),
('PND-3946BB09', '3319DGSAI000061', 'Saidah', 'Besito 06/07', '81575083055', 34, 'P', 'B+', 'bae', '2026-02-22 12:11:17', '2026-02-22 12:11:17'),
('PND-395580D3', '3319DGSAN000052', 'Sanyoto Agung Wijaya Kusuma', 'Loram Kulon 03/01', '87831303698', 29, 'L', 'O+', 'jati', '2026-02-22 12:11:17', '2026-02-22 12:11:17'),
('PND-396784CF', '3319DGSUP000072', 'Supriyono', 'Dk Dlingo Peganjaran 3/1', '85225229008', 46, 'L', 'O+', 'bae', '2026-02-22 12:11:17', '2026-02-22 12:11:17'),
('PND-39CF7A3A', '3319M2FAH000015', 'Fahris', 'Samirejo 2/3', '85225105172', 48, 'L', 'B+', 'dawe', '2026-02-22 12:11:19', '2026-02-22 12:11:19'),
('PND-39D13FAD', '3319DGSUR000033', 'Tri Suroso', 'Gribig 4/7', '89508958779', 46, 'L', 'O+', 'gebog', '2026-02-22 12:11:19', '2026-02-22 12:11:19'),
('PND-39DA5804', '3319DGAUF000001', 'Aufal Aziz', 'Janggalan 3/2', '81234536796', 34, 'L', 'B+', 'kota', '2026-02-22 12:11:17', '2026-02-22 12:11:17'),
('PND-3A36C69C', '3319DGRYN000001', 'Ryno Bayu Wicaksono', 'Padurenan gebog', '89678939603', 20, 'L', 'B+', 'gebog', '2026-02-22 12:11:18', '2026-02-22 12:11:18'),
('PND-3A951EF8', '3319DGMUH000206', 'Muhammad Antoni Sujarwadi', 'Jurang 1/1', '85786450001', 30, 'L', 'B+', 'gebog', '2026-02-22 12:11:17', '2026-02-22 12:11:17'),
('PND-3B259CD5', '3319M2FAR000047', 'Farida Fadiya', 'Singocandi 1/3', '81548280748', 23, 'P', 'A+', 'kota', '2026-02-22 12:11:18', '2026-02-22 12:11:18'),
('PND-3C2110F8', '3319DGAGE000002', 'Ageng Gunarko', 'Gribig 05/05', '81311172220', 35, 'L', 'B+', 'gebog', '2026-02-22 12:11:17', '2026-02-22 12:11:17'),
('PND-3C8097A3', '3319DGDEW000044', 'Dewi Murwati', 'Wergu Kulon 03/03', '87728366140', 35, 'P', 'O+', 'kota', '2026-02-22 12:11:17', '2026-02-22 12:11:17'),
('PND-3CA4D32E', '3319DGARI000046', 'Ariyanto', 'Singocandi 4/2', '8884974181', 41, 'L', 'B+', 'kota', '2026-02-22 12:11:18', '2026-02-22 12:11:18'),
('PND-3DC0DFBD', '3319DGZUL000028', 'zulfa azzahra', 'medini 7/3', '85703533473', 17, 'P', 'B+', 'undaan', '2026-02-22 12:11:18', '2026-02-22 12:11:18'),
('PND-3E33C17E', '3319M1MAR000060', 'Maria Khusnul Khotimah', 'Gamong', '85647749869', 39, 'P', 'AB+', 'kaliwungu', '2026-02-22 12:11:18', '2026-02-22 12:11:18'),
('PND-3E4C2269', '3319M1ANT000028', 'Anton Hermawan', 'Wergu Wetan 4/2', '85727013965', 46, 'L', 'B+', 'kota', '2026-02-22 12:11:18', '2026-02-22 12:11:18'),
('PND-3E4F20A4', '3319M1EKO000119', 'Eko Santoso', 'Jetis Kapuan 2/3', '85867174274', 33, 'L', 'O+', 'jati', '2026-02-22 12:11:18', '2026-02-22 12:11:18'),
('PND-3E804850', '3319M1MIF000022', 'Miftahun Niam', 'Undaan Lor Gg 16 3/4', '81808084417', 33, 'L', 'B+', 'undaan', '2026-02-22 12:11:18', '2026-02-22 12:11:18'),
('PND-3E8501CF', '3319MUAri000016', 'Arief Indaryanto', 'Wergu Wetan 3/2', '85800004115', 43, 'L', 'O+', 'kota', '2026-02-22 12:11:17', '2026-02-22 12:11:17'),
('PND-3EB3D831', '3319M1MUC000038', 'Muchamad Faizin', 'Jati wetan 3/1', '81568392600', 23, 'L', 'A+', 'jati', '2026-02-22 12:11:17', '2026-02-22 12:11:17'),
('PND-3F320240', '3319DGREY000004', 'Reyhansha Agna Fasha', 'Mlati Norowito 2/8', '82231199747', 18, 'L', 'A+', 'kota', '2026-02-22 12:11:17', '2026-02-22 12:11:17'),
('PND-3F41BF02', '3319M1LIL000004', 'Lilik Asriani', 'Perum Singocandi D/3', '8122879030', 60, 'P', 'B+', 'kota', '2026-02-22 12:11:17', '2026-02-22 12:11:17'),
('PND-3F636A74', '3319M1SIT000287', 'Siti Asiyah', 'Undaan Tengah 1/3', '81390221823', 45, 'P', 'O+', 'undaan', '2026-02-22 12:11:18', '2026-02-22 12:11:18'),
('PND-3F8840A8', '3319M4SOL000001', 'Solikhin', 'Krandon 3/3', '85725682676', 57, 'L', 'B+', 'kota', '2026-02-22 12:11:18', '2026-02-22 12:11:18'),
('PND-3F9A8165', '3319M3ABD000008', 'Abdul Said', 'Papringan 1/3', '85727581360', 31, 'L', 'O+', 'kaliwungu', '2026-02-22 12:11:17', '2026-02-22 12:11:17'),
('PND-404B41B0', '3319DGZAE000071', 'Zaenudin', 'Dk. Ngablak', '81328818571', 42, 'L', 'A+', 'jekulo', '2026-02-22 12:11:18', '2026-02-22 12:11:18'),
('PND-408A7849', '3319MBMoh000009', 'Mohamad Multazam', 'Besito 1/7', '81578259750', 53, 'L', 'A+', 'bae', '2026-02-22 12:11:17', '2026-02-22 12:11:17'),
('PND-408DBB19', '3319DGAHM000345', 'Ahmad Fauzi Irsandi', 'Ngembal Kulon 05/03', '85230833210', 27, 'L', 'B+', 'bae', '2026-02-22 12:11:17', '2026-02-22 12:11:17'),
('PND-409F659B', '3319DGSUR000053', 'Suroso', 'Prambatan Kidul 2/4', '87871313519', 54, 'L', 'O+', 'kaliwungu', '2026-02-22 12:11:18', '2026-02-22 12:11:18'),
('PND-40A9B349', '3319DGZUR000007', 'Zuraida Amalia', 'Bakalan', '8996143926', 32, 'P', 'O+', 'kaliwungu', '2026-02-22 12:11:18', '2026-02-22 12:11:18'),
('PND-41E56DA8', '3319DGCAN000017', 'Candra Achmad Faizin', 'Hadipolo 5/2', '895337990629', 23, 'L', 'B+', 'jekulo', '2026-02-22 12:11:17', '2026-02-22 12:11:17'),
('PND-42092707', '3319DGKHO000017', 'Khoirudin', 'Kutuk 06/05', '81567840252', 52, 'L', 'O+', 'undaan', '2026-02-22 12:11:18', '2026-02-22 12:11:18'),
('PND-420FF8E9', '3319DGZUL000027', 'Zulis Anisa', 'Kaliputu 5/2', '85803477956', 26, 'P', 'O+', 'kota', '2026-02-22 12:11:18', '2026-02-22 12:11:18'),
('PND-42232ACC', '3319M1KUS000061', 'Kusmardiyanto', 'Lau 6/6', '81548966001', 28, 'L', 'B+', 'dawe', '2026-02-22 12:11:18', '2026-02-22 12:11:18'),
('PND-4232B1AB', '3319DGRIZ000043', 'Rizal Maulana', 'Hadipolo 4/1', '85713587712', 27, 'L', 'AB+', 'jekulo', '2026-02-22 12:11:17', '2026-02-22 12:11:17'),
('PND-4279ABD1', '3319DGMRI000016', 'M Rifki Satriawan', 'Masin', '8117781224', 37, 'L', 'A+', 'dawe', '2026-02-22 12:11:17', '2026-02-22 12:11:17'),
('PND-428043D5', '3319DGIRF000003', 'Toha Irfan Wahyudhi', 'Panjunan 6/1', '88239526984', 37, 'L', 'B+', 'kota', '2026-02-22 12:11:17', '2026-02-22 12:11:17'),
('PND-429EDD29', '3319DGJUM000042', 'Jumiatun', 'Medini 2/3', '85740831255', 33, 'P', 'B+', 'undaan', '2026-02-22 12:11:18', '2026-02-22 12:11:18'),
('PND-42C3034B', '3319M1ATH000002', 'Athiya Al Fadella', 'Ngembalrejo 2/5', '87742081159', 27, 'P', 'B+', 'bae', '2026-02-22 12:11:17', '2026-02-22 12:11:17'),
('PND-42CD0B62', '3319DGKho000003', 'Khoirul Huda', 'Jojo 3/3', '85740864088', 39, 'L', 'B+', 'mejobo', '2026-02-22 12:11:18', '2026-02-22 12:11:18'),
('PND-42E937CF', '3319M1SAE000009', 'Saepudin Sukarta', 'Pasuruhan Lor 2/4', '85641124320', 48, 'L', 'B+', 'jati', '2026-02-22 12:11:18', '2026-02-22 12:11:18'),
('PND-42F3EF44', '3319M1MCH000002', 'M Choerun Niam', 'WInong 3/7', '85294878896', 30, 'L', 'O+', 'kaliwungu', '2026-02-22 12:11:18', '2026-02-22 12:11:18'),
('PND-43ABB246', '3319DGWID000054', 'Widiawati', 'Damaran 5/1', '87704483872', 23, 'P', 'O+', 'kota', '2026-02-22 12:11:17', '2026-02-22 12:11:17'),
('PND-43F6F562', '3319DGNAI000019', 'Naila Fitriani', 'Wergu wetan 05/04', '81390753612', 22, 'P', 'B+', 'kota', '2026-02-22 12:11:18', '2026-02-22 12:11:18'),
('PND-44085C9B', '3319M2MOC000062', 'Mochtadi', 'Gondosari 1/3', '85536724191', 53, 'L', 'B+', 'gebog', '2026-02-22 12:11:18', '2026-02-22 12:11:18'),
('PND-44271942', '3319M1HAR000030', 'Hartatik', 'Gondangmanis 3/8', '89633137447', 42, 'P', 'O+', 'bae', '2026-02-22 12:11:19', '2026-02-22 12:11:19'),
('PND-44951754', '3319DGERI000022', 'Erik Yulianto', 'Rejosari 4/4', '85799729283', 29, 'L', 'O+', 'dawe', '2026-02-22 12:11:19', '2026-02-22 12:11:19'),
('PND-44E235E0', '3319DGMUH001024', 'Muhammad Iqbal Althaf', 'Mejobo 3/2', '85700451830', 19, 'L', 'A+', 'mejobo', '2026-02-22 12:11:18', '2026-02-22 12:11:18'),
('PND-459FE59B', '3319M5ILM000003', 'Ilmi Sabila', 'Singocandi 3/2', '85869917002', 26, 'P', 'O+', 'kota', '2026-02-22 12:11:18', '2026-02-22 12:11:18'),
('PND-45FECDCB', '3319DGSLA000099', 'Slamet Budisantoso', 'Tersono6/3', '8953665471063', 35, 'L', 'A+', 'kaliwungu', '2026-02-22 12:11:18', '2026-02-22 12:11:18'),
('PND-465F56F2', '3319DGGAR000001', 'Garin Andika Bagaskara', 'Perum Sumber Indah 2', '85712476163', 25, 'L', 'AB+', 'mejobo', '2026-02-22 12:11:18', '2026-02-22 12:11:18'),
('PND-47061007', '3319DGHil000001', 'Hilmi Faruq yulistion A', 'Getas Pejaten 2/1', '8122801995', 59, 'L', 'O+', 'jati', '2026-02-22 12:11:18', '2026-02-22 12:11:18'),
('PND-472CEC57', '3319DGRUB000021', 'Rubiyanti', 'Tenggeles 05/04', '81226495587', 43, 'P', 'AB+', 'mejobo', '2026-02-22 12:11:18', '2026-02-22 12:11:18'),
('PND-47B4FB93', '3319DGKHI000005', 'Khintan Rahma Danthy', 'desan gondangmanin 003/003', '89631873162', 27, 'P', 'B+', 'bae', '2026-02-22 12:11:17', '2026-02-22 12:11:17'),
('PND-48027A7A', '3319M1ANA000017', 'Anna Rustiana', 'Gribig 3/3', '81915062056', 40, 'P', 'O+', 'gebog', '2026-02-22 12:11:18', '2026-02-22 12:11:18'),
('PND-48198727', '3319M2ADI000026', 'Aditya Permana', 'Gribig 4/5 Gebog', '82137964332', 34, 'L', 'O+', 'gebog', '2026-02-22 12:11:17', '2026-02-22 12:11:17'),
('PND-488213A5', '3319DGSUY000012', 'Suyatno', 'Jati Kulon 5/4', '85741494570', 54, 'L', 'B+', 'jati', '2026-02-22 12:11:18', '2026-02-22 12:11:18'),
('PND-488F6376', '3319M1AKH000010', 'Akhlish Fuadi', 'Gribig 1/1', '85640453080', 35, 'L', 'O+', 'gebog', '2026-02-22 12:11:18', '2026-02-22 12:11:18'),
('PND-490D166A', '3319DGKHO000124', 'khoiri', 'kirig', '856212074864', 44, 'L', 'O+', 'mejobo', '2026-02-22 12:11:18', '2026-02-22 12:11:18'),
('PND-4918AF0D', '3319M5RES000001', 'Resa Fidyantoro', 'Getas Pejaten 11/3', '87829837069', 30, 'L', 'A+', 'jati', '2026-02-22 12:11:17', '2026-02-22 12:11:17'),
('PND-4929570E', '3319M5HEN000007', 'Hendika Adi Saputro', 'Purwosari 1/8 Kota', '81296125042', 29, 'L', 'A+', 'kota', '2026-02-22 12:11:18', '2026-02-22 12:11:18'),
('PND-49498F9C', '3319M5WUR000001', 'Wurina Marlianti', 'Jati Kulon Gg.4 175A Jati', '81226721092', 47, 'P', 'A+', 'jati', '2026-02-22 12:11:18', '2026-02-22 12:11:18'),
('PND-49B5C442', '3319DGSOF000017', 'Sofwan Sofyan', 'Wijilan no 456 Purwosari 4/4', '81225801178', 35, 'L', 'A+', 'kota', '2026-02-22 12:11:18', '2026-02-22 12:11:18'),
('PND-4A1DCD58', '3319DGHER000170', 'heri handoko', 'glagah waru 6/1', '82214401774', 34, 'L', 'AB+', 'undaan', '2026-02-22 12:11:17', '2026-02-22 12:11:17'),
('PND-4A28F8B4', '3319DGSIS000038', 'Siswanto', 'Hadiwarno 4/3', '85866872471', 42, 'L', 'O+', 'jekulo', '2026-02-22 12:11:18', '2026-02-22 12:11:18'),
('PND-4A2F3495', '3319DGARI000315', 'Arifin', 'Getas Pejaten 8/2 Jati', '85803931597', 24, 'L', 'AB+', 'jati', '2026-02-22 12:11:19', '2026-02-22 12:11:19'),
('PND-4A476DC6', '3319DGROS000022', 'Rosyid Setyawan', 'Undaan Lor 6/1', '85876242805', 25, 'L', 'O+', 'undaan', '2026-02-22 12:11:17', '2026-02-22 12:11:17'),
('PND-4A910246', '3319DGSIT000244', 'Siti Juliati', 'Menawan 1/4', '87834885851', 24, 'P', 'A+', 'gebog', '2026-02-22 12:11:17', '2026-02-22 12:11:17'),
('PND-4AD8DE73', '3319DGMOC000105', 'moch afandiana', 'mijen 8/1', '85876146247', 33, 'L', 'A+', 'kaliwungu', '2026-02-22 12:11:18', '2026-02-22 12:11:18'),
('PND-4AF13E97', '3319DGANT000017', 'Anton Widiatmoko', 'Nganguk wali 3/4', '81287788379', 34, 'L', 'A+', 'kota', '2026-02-22 12:11:18', '2026-02-22 12:11:18'),
('PND-4B05A4D9', '3319DGAZK000003', 'Azka Fachron', 'Loram Kulon 7/4 Jati', '8988944948', 35, 'L', 'O+', 'jati', '2026-02-22 12:11:17', '2026-02-22 12:11:17'),
('PND-4B67AE12', '3319M1ALI000130', 'Ali Subchan', 'Puyoh 2/2', '85226524463', 43, 'L', 'A+', 'dawe', '2026-02-22 12:11:18', '2026-02-22 12:11:18'),
('PND-4BDC310D', '3319DGMUH000987', 'muhammad nuruddin', 'medini 1/4', '85868315433', 24, 'L', 'B+', 'undaan', '2026-02-22 12:11:18', '2026-02-22 12:11:18'),
('PND-4BE44DD0', '3319M1EKO000112', 'Eko Purnomo', 'Gribig 4/5', '8989308299', 44, 'L', 'A+', 'gebog', '2026-02-22 12:11:18', '2026-02-22 12:11:18'),
('PND-4C0226E7', '3319M2MUH000436', 'Muhammad Bagus Aditiya', 'Jepang 1/2', '89509158648', 24, 'L', 'O+', 'mejobo', '2026-02-22 12:11:18', '2026-02-22 12:11:18'),
('PND-4C425449', '3319DGWAH000065', 'Wahyu Triambodo', 'Hadipolo 8/1', '85642416289', 39, 'L', 'O+', 'jekulo', '2026-02-22 12:11:17', '2026-02-22 12:11:17'),
('PND-4C93CF0A', '3319DGENI000014', 'Eni Handayani', 'Pladen 1/4', '81237337377', 40, 'P', 'O+', 'jekulo', '2026-02-22 12:11:17', '2026-02-22 12:11:17'),
('PND-4D0CFBFC', '3319DGNOV000058', 'Noviana Endarsari', 'Jl Ganesha Utara III Blok A 27', '81228232939', 34, 'P', 'O+', 'kota', '2026-02-22 12:11:17', '2026-02-22 12:11:17'),
('PND-4D1644B6', '3319M1SUT000067', 'Sutikno', 'Gondosari 4/9', '85290717625', 52, 'L', 'O+', 'gebog', '2026-02-22 12:11:18', '2026-02-22 12:11:18'),
('PND-4D876CE3', '3319DGNAS000005', 'Nashirul Amin', 'Ngemplak 5/2', '85740072086', 35, 'L', 'O+', 'undaan', '2026-02-22 12:11:17', '2026-02-22 12:11:17'),
('PND-4DC46F3C', '3319M1NUR000316', 'Nur Afifatul Latifa', 'Tanjungrejo 6/5', '85740581823', 33, 'P', 'O+', 'jekulo', '2026-02-22 12:11:18', '2026-02-22 12:11:18'),
('PND-4DD6901E', '3319M5KHO000008', 'Khoerul Anam', 'Wates 3/4', '85325251613', 24, 'L', 'O+', 'undaan', '2026-02-22 12:11:18', '2026-02-22 12:11:18'),
('PND-4E4D8813', '3319M2ANI000062', 'Anisa Luthfia Janatullaili', 'Bakalan Krapyak 01/04', '89647006210', 20, 'P', 'A+', 'kaliwungu', '2026-02-22 12:11:18', '2026-02-22 12:11:18'),
('PND-4E5ADC45', '3319MTRos000001', 'Rosyidi AW', 'Barongan 6/1 Kota 143', '85293316342', 64, 'L', 'AB+', 'kota', '2026-02-22 12:11:18', '2026-02-22 12:11:18'),
('PND-4E7BFF94', '3319M4SOL000004', 'Solikhul Huda', 'Gribig 4/7', '85727455966', 38, 'P', 'AB+', 'gebog', '2026-02-22 12:11:18', '2026-02-22 12:11:18'),
('PND-4EB18A85', '3319DGANA000050', 'Anastasia Yuliani', 'Gondang Manis 6/4', '859422887086', 25, 'P', 'B+', 'bae', '2026-02-22 12:11:17', '2026-02-22 12:11:17'),
('PND-4EEC10BE', '3319M1MUS000042', 'Mushadi', 'Klaling 3/5', '85743836909', 41, 'L', 'B+', 'jekulo', '2026-02-22 12:11:18', '2026-02-22 12:11:18'),
('PND-4FCDD475', '3319DGWIN000025', 'Wina septyaningrum', 'Besito 4/4', '85867941186', 19, 'P', 'O+', 'bae', '2026-02-22 12:11:17', '2026-02-22 12:11:17'),
('PND-4FF57EA1', '3319DGARI000319', 'arif supriyanto', 'gribig 3/3', '817291871', 48, 'L', 'O+', 'gebog', '2026-02-22 12:11:17', '2026-02-22 12:11:17'),
('PND-50214A90', '3319DGAHM000259', 'Ahmad Maryanto', 'Jepang Pakis 2/2', '85869679761', 23, 'L', 'O+', 'jati', '2026-02-22 12:11:18', '2026-02-22 12:11:18'),
('PND-51703DA6', '3319M1ASI000003', 'Asif Ali Zardary', 'Kesambi 4/9', '85879239798', 34, 'L', 'O+', 'mejobo', '2026-02-22 12:11:18', '2026-02-22 12:11:18'),
('PND-51A4F0D4', '3319DGSUG000110', 'Sugiyarto', 'Jurang 1/5 Gebog', '85743166079', 44, 'L', 'O+', 'gebog', '2026-02-22 12:11:18', '2026-02-22 12:11:18'),
('PND-524B61F6', '3319M1ARI000050', 'Arista Sanzaya', 'Mijen 4/3', '8562670744', 36, 'L', 'B+', 'kaliwungu', '2026-02-22 12:11:18', '2026-02-22 12:11:18'),
('PND-5266A95D', '3319DGSIT000194', 'Siti Musarofah', 'Gondang Manis 03/08', '89504763737', 34, 'P', 'O+', 'bae', '2026-02-22 12:11:17', '2026-02-22 12:11:17'),
('PND-52AE9B2A', '3319M1WIW000031', 'Wiwik Ida Sulastri', 'Gondangmanis 11/6', '81311828354', 36, 'P', 'O+', 'bae', '2026-02-22 12:11:18', '2026-02-22 12:11:18'),
('PND-5317CFAF', '3319DGMUH000997', 'Muhammad Saifudin', 'Loram Wetan 6/2', '87833465896', 21, 'L', 'B+', 'jati', '2026-02-22 12:11:18', '2026-02-22 12:11:18'),
('PND-5326F724', '3319M1RON000006', 'Rondi', 'Wates 1/5', '89513848597', 58, 'L', 'B+', 'undaan', '2026-02-22 12:11:18', '2026-02-22 12:11:18'),
('PND-536C1418', '3319DGSEL000044', 'Selamet Riyanto', 'Sidomulyo 1/3', '81919891195', 33, 'L', 'O+', 'jekulo', '2026-02-22 12:11:18', '2026-02-22 12:11:18'),
('PND-539E51B7', '3319M2MUH000716', 'Muhammad Tegar Sirri Arrafi', 'Getas Pejaten 7/4', '82220918137', 25, 'L', 'A+', 'jati', '2026-02-22 12:11:18', '2026-02-22 12:11:18'),
('PND-53C8223F', '3319M2ARI000006', 'Aristo Adi Prastyanto', 'Jepang Pakis 3/6', '8156580949', 42, 'L', 'B+', 'jati', '2026-02-22 12:11:18', '2026-02-22 12:11:18'),
('PND-53CC7550', '3319M1IBN000007', 'Ibnul Qoyyim', 'Peganjaran 5/3', '85225981920', 48, 'L', 'A+', 'bae', '2026-02-22 12:11:17', '2026-02-22 12:11:17'),
('PND-53DEDCF0', '3319DGDIA000059', 'Dian Nugroho', 'Gulang 05/01', '82138448361', 29, 'L', 'O+', 'mejobo', '2026-02-22 12:11:18', '2026-02-22 12:11:18'),
('PND-54BE6B99', '3319M3KHO000003', 'Khoerul Anas', 'Undaan Tengah 4/2', '81311221321', 31, 'L', 'A+', 'undaan', '2026-02-22 12:11:18', '2026-02-22 12:11:18'),
('PND-5533CBA6', '3319DGHAD000012', 'Hadi Purnomo', 'Garung lor 1/1', '85640326799', 39, 'L', 'A+', 'kaliwungu', '2026-02-22 12:11:18', '2026-02-22 12:11:18'),
('PND-55DFF27C', '3319M1BAM000041', 'Bambang Trianto', 'Mejobo 7/2', '85878108012', 40, 'L', 'O+', 'mejobo', '2026-02-22 12:11:19', '2026-02-22 12:11:19'),
('PND-5604E724', '3319DGEKO000078', 'Eko Lutfi Fariska', 'Samirejo 2/6 Dawe', '85713298177', 31, 'L', 'AB+', 'dawe', '2026-02-22 12:11:18', '2026-02-22 12:11:18'),
('PND-56DFB993', '3319DGkho000001', 'Khoirul Umam Amron', 'Dk Krajan RT 01/03 Purwosari', '85600877899', 47, 'L', 'O+', 'kota', '2026-02-22 12:11:19', '2026-02-22 12:11:19'),
('PND-57B2A5DC', '3319M5RIE000002', 'Rieke Amalia', 'Wergu Wetan 5/4', '85742386952', 26, 'P', 'O+', 'kota', '2026-02-22 12:11:19', '2026-02-22 12:11:19'),
('PND-585AF710', '3319M2FAR000019', 'Faruq Makhrus', 'Purwosari 4/5', '85640220827', 36, 'L', 'A+', 'kota', '2026-02-22 12:11:17', '2026-02-22 12:11:17'),
('PND-58C87379', '3319MUKis000003', 'Kiswoko', 'Jurang 2/4', '87746515321', 42, 'L', 'A+', 'gebog', '2026-02-22 12:11:18', '2026-02-22 12:11:18'),
('PND-59526BB4', '3319M1MZA000009', 'M Zamroni', 'Jekulo 3/9', '85742233689', 45, 'L', 'B+', 'jekulo', '2026-02-22 12:11:19', '2026-02-22 12:11:19'),
('PND-595B2962', '3319M2REN000012', 'Rendi Diego', 'Loram Kulon 1/1', '85727292184', 36, 'L', 'O+', 'jati', '2026-02-22 12:11:18', '2026-02-22 12:11:18'),
('PND-59CB8876', '3319M2MUR000019', 'Murti', 'Cendono 4/9', '85702734088', 47, 'P', 'O+', 'dawe', '2026-02-22 12:11:18', '2026-02-22 12:11:18'),
('PND-59DCAA7C', '3319M1KAS000040', 'Kusmulyadi', 'Bulung Cangkring 1/6', '81575217217', 45, 'L', 'B+', 'jekulo', '2026-02-22 12:11:18', '2026-02-22 12:11:18'),
('PND-5A55931E', '3319DGIHW000001', 'Ihwan Pamungkas', 'Perum.Tanjungkarang 108', '85702405648', 37, 'L', 'O+', 'jati', '2026-02-22 12:11:18', '2026-02-22 12:11:18'),
('PND-5AD21EBA', '3319DGELS000006', 'Elsa Alfira Salsabila', 'Purwosari 4/3 Kota', '85867287935', 24, 'P', 'B+', 'kota', '2026-02-22 12:11:17', '2026-02-22 12:11:17'),
('PND-5AE65B2E', '3319DGAZI000021', 'Azizah kurniasih', 'ngembal kulon', '85329850087', 33, 'P', 'B+', 'bae', '2026-02-22 12:11:18', '2026-02-22 12:11:18'),
('PND-5B002283', '3319DGSHA000005', 'Shania Odeliea Ariani', 'Hadipolo 3/1', '85777380633', 21, 'P', 'A+', 'jekulo', '2026-02-22 12:11:17', '2026-02-22 12:11:17'),
('PND-5B6FC662', '3319DGJOK000077', 'JOKO SANTOSO', 'GETAS PEJATEN 02/02', '88210356741', 37, 'L', 'O+', 'jati', '2026-02-22 12:11:17', '2026-02-22 12:11:17'),
('PND-5BEC1960', '3319M1BAM000035', 'Bambang Tri Mulyanto', 'Payaman 4/2 Mejobo', '89525044975', 31, 'L', 'O+', 'mejobo', '2026-02-22 12:11:18', '2026-02-22 12:11:18'),
('PND-5C00AE71', '3319DGHER000173', 'Herman Setiawan', 'Ngablak tanjungejo 4/3', '85235630977', 44, 'L', 'A+', 'jekulo', '2026-02-22 12:11:18', '2026-02-22 12:11:18'),
('PND-5C3D25FD', '3319MUTar000002', 'Tarjono, SH, MH', 'Sunggingan 2/3 Kota', '81228050027', 49, 'L', 'O+', 'kota', '2026-02-22 12:11:17', '2026-02-22 12:11:17'),
('PND-5C6EF15D', '3319DGAJI000028', 'Ajib feriyanto', 'Piji siwalan 1/1', '85800260134', 37, 'L', 'A+', 'dawe', '2026-02-22 12:11:18', '2026-02-22 12:11:18'),
('PND-5CF18E12', '3319DGMuh000015', 'Muhammad Ghufron', 'Burikan 1/2', '85879500959', 33, 'L', 'O+', 'kota', '2026-02-22 12:11:18', '2026-02-22 12:11:18'),
('PND-5D12CDE7', '3319MTSup000028', 'Supodo', 'Wergu Wetan 3/4 Kota', '85226392414', 43, 'L', 'O+', 'kota', '2026-02-22 12:11:18', '2026-02-22 12:11:18'),
('PND-5D14F408', '3319M1ADI000050', 'Adip Hadi Permana', 'Tenggeles 2/2', '85643651451', 33, 'L', 'A+', 'mejobo', '2026-02-22 12:11:18', '2026-02-22 12:11:18'),
('PND-5D5EEF1C', '3319DGMUH000996', 'Muhammad Setyo Ady', 'Pule 2/4', '8565058016', 23, 'L', 'O+', 'jekulo', '2026-02-22 12:11:18', '2026-02-22 12:11:18'),
('PND-5D6B45D9', '3319M3MAR000005', 'Margono', 'pasuruan lor 2/1', '81225122881', 45, 'L', 'A+', 'jati', '2026-02-22 12:11:18', '2026-02-22 12:11:18'),
('PND-5E70AEEB', '3319DGSUW000087', 'Suwarli', 'Klaling 5/1', '81312227600', 47, 'L', 'A+', 'jekulo', '2026-02-22 12:11:18', '2026-02-22 12:11:18'),
('PND-5E7342A2', '3319M2IND000065', 'Indah Purnama Sari', 'Margorejo 5/8', '85326784123', 31, 'P', 'O+', 'dawe', '2026-02-22 12:11:18', '2026-02-22 12:11:18'),
('PND-5EACAFAA', '3319MUSri000010', 'Sri Suharti', 'Payaman 4/1', '81225655190', 43, 'P', 'A+', 'mejobo', '2026-02-22 12:11:17', '2026-02-22 12:11:17'),
('PND-5EF46E67', '3319DGBAM000101', 'Bambang Subkhan', 'Purwosari 02/02', '85726064999', 31, 'L', 'O+', 'kota', '2026-02-22 12:11:19', '2026-02-22 12:11:19'),
('PND-6003859A', '3319M1MDE000001', 'M Dedi Irawan', 'gondangmanis 4/2', '85226121797', 39, 'L', 'O+', 'bae', '2026-02-22 12:11:19', '2026-02-22 12:11:19'),
('PND-6037B99D', '3319DGDEV000020', 'Devi Nailis Yusnia', 'Karangrowo 4/2', '85608020554', 29, 'P', 'O+', 'undaan', '2026-02-22 12:11:18', '2026-02-22 12:11:18'),
('PND-603F10D5', '3319M2MOH000157', 'Mohammad Izzun Nawa', 'Besito 3/4', '85786508781', 25, 'L', 'O+', 'bae', '2026-02-22 12:11:17', '2026-02-22 12:11:17'),
('PND-60679381', '3319M1ZAE000051', 'Zaenal Arifin', 'Pasuruhan lor 2/11', '85786911828', 24, 'L', 'A+', 'jati', '2026-02-22 12:11:18', '2026-02-22 12:11:18'),
('PND-606F0AFF', '3319DGHER000152', 'HERI ISWANTO', 'PERUM GRIYA SALAM BLOK A NO 9', '8112710015', 46, 'L', 'O+', 'bae', '2026-02-22 12:11:17', '2026-02-22 12:11:17'),
('PND-607D4D87', '3319M2ARI000103', 'Arif Kurniadi', 'Mlati Kidul 1/2', '85740577732', 35, 'L', 'O+', 'kota', '2026-02-22 12:11:17', '2026-02-22 12:11:17'),
('PND-608D1127', '3319M1NOR000097', 'Nor Muhammad Sholeh', 'Bakalan Krapyak 1/3', '85640340341', 29, 'L', 'A+', 'kaliwungu', '2026-02-22 12:11:18', '2026-02-22 12:11:18'),
('PND-6092F063', '3319M1EKO000128', 'Eko Supriyadi', 'Hadipolo 5/2', '85741411299', 45, 'L', 'O+', 'mejobo', '2026-02-22 12:11:18', '2026-02-22 12:11:18'),
('PND-60AF6E13', '3319M2THE000002', 'Theo Saputra Dewa', 'Gondangmanis 6/6', '82331125025', 26, 'L', 'AB+', 'bae', '2026-02-22 12:11:18', '2026-02-22 12:11:18'),
('PND-612B85E3', '3319M1JAN000004', 'Januar Sutrisno', 'Garung Lor 5/1', '8994172616', 36, 'L', 'B+', 'kaliwungu', '2026-02-22 12:11:18', '2026-02-22 12:11:18'),
('PND-61484443', '3319M2IND000060', 'Indarto', 'Kedungdowo 3/7 Kaliwungu', '81357721736', 34, 'L', 'B+', 'kaliwungu', '2026-02-22 12:11:18', '2026-02-22 12:11:18'),
('PND-61502503', '3319DGADI000125', 'Adinda Balqis Quinn Imtiyaz', 'Jati Kulon 01/05', '8895929399', 20, 'P', 'AB+', 'jati', '2026-02-22 12:11:18', '2026-02-22 12:11:18'),
('PND-61950192', '3319M2DID000027', 'Didi Nur Jamaludin', 'Gondangmanis 7/2', '85727959370', 37, 'L', 'A+', 'bae', '2026-02-22 12:11:18', '2026-02-22 12:11:18'),
('PND-61B4ADA8', '3319DGADI000123', 'Adina Andyasari Kurnia', 'Wijilan 1/5', '85862921422', 32, 'P', 'O+', 'kota', '2026-02-22 12:11:17', '2026-02-22 12:11:17'),
('PND-61C4B18B', '3319DGENG000002', 'Enggar Setio N', 'Loram Wetan 1/4', '89680952866', 19, 'L', 'O+', 'jati', '2026-02-22 12:11:17', '2026-02-22 12:11:17'),
('PND-61C8DBA3', '3319M1MUH000142', 'Muhammad Ridho Amali', 'Kaliputu 4/3', '89669922624', 29, 'L', 'B+', 'kota', '2026-02-22 12:11:18', '2026-02-22 12:11:18'),
('PND-61F892A5', '3319M1SEP000030', 'Septian', 'Burikan 2/2', '82313116436', 36, 'L', 'O+', 'kota', '2026-02-22 12:11:18', '2026-02-22 12:11:18'),
('PND-620C1E59', '3319M2SIT000101', 'Siti Susianik', 'Undaan Tengah 1/2', '81575574674', 42, 'P', 'O+', 'undaan', '2026-02-22 12:11:18', '2026-02-22 12:11:18');
INSERT INTO `data_pendonor` (`id_pendonor`, `id_pendonor_pusat`, `nama_pendonor`, `alamat`, `no_hp`, `umur`, `jenis_kelamin`, `golongan_darah`, `kecamatan`, `created_at`, `updated_at`) VALUES
('PND-629DC5CB', '3319M1TIT000026', 'Tities Kusuma Pratama', 'Karangbener 3/4', '88239320534', 22, 'P', 'O+', 'bae', '2026-02-22 12:11:17', '2026-02-22 12:11:17'),
('PND-636C2438', '3319DGPUT000019', 'Putri Widyawati', 'TanjungKarang', '89668782092', 30, 'P', 'O+', 'jati', '2026-02-22 12:11:18', '2026-02-22 12:11:18'),
('PND-638363C8', '3319M1RUS000017', 'Rusono', 'Sadang 3/2', '85742294880', 45, 'L', 'B+', 'jekulo', '2026-02-22 12:11:18', '2026-02-22 12:11:18'),
('PND-63A9638D', '3319M2SHI000007', 'Shifa Nanda Maharani', 'Kerjasan 01/01', '87871677222', 30, 'P', 'A+', 'kota', '2026-02-22 12:11:18', '2026-02-22 12:11:18'),
('PND-64DCCABC', '3319DGMHI000004', 'M Hidayatullah', 'Undaan Lor 01/04', '85727180211', 27, 'L', 'A+', 'undaan', '2026-02-22 12:11:18', '2026-02-22 12:11:18'),
('PND-656BF8F4', '3319DGENG000002', 'Enggar Setio N', 'Loram Wetan 1/4', '89680952866', 19, 'L', 'O+', 'jati', '2026-02-22 12:11:19', '2026-02-22 12:11:19'),
('PND-65B7E2E0', '3319MUYok000001', 'Yoke Arivanno Handoyo', 'Perum.Megawon Indah 4/4', '8986000757', 49, 'L', 'B+', 'jati', '2026-02-22 12:11:18', '2026-02-22 12:11:18'),
('PND-65CC1108', '3319M2TUL000003', 'Tulus Yoga P', 'Singocandi 1/1', '81334602324', 29, 'L', 'A+', 'kota', '2026-02-22 12:11:17', '2026-02-22 12:11:17'),
('PND-6634A4C7', '3319DGMUL000033', 'Mulyo Feri Irawan', 'Rahtawu 1/2', '85865546983', 26, 'L', 'O+', 'gebog', '2026-02-22 12:11:18', '2026-02-22 12:11:18'),
('PND-664D6715', '3319DGJEF000003', 'Jefri Prasetyo', 'Karangampel 2/2', '85878651182', 33, 'L', 'O+', 'kaliwungu', '2026-02-22 12:11:18', '2026-02-22 12:11:18'),
('PND-66ACB7CD', '3319M1FAR000034', 'Farix Ariyanto', 'Karangbener 3/8', '85640714214', 32, 'L', 'O+', 'bae', '2026-02-22 12:11:18', '2026-02-22 12:11:18'),
('PND-66BDAD02', '3319DGSLA000100', 'Slamet Agus Susanto', 'Jl.Ganesha IV 1/7', '85225579322', 39, 'L', 'O+', 'kota', '2026-02-22 12:11:18', '2026-02-22 12:11:18'),
('PND-66F4D763', '3319DGMOH000395', 'MOHAMMAD ZAENURI', 'KEDUNGPASO 32', '85600236506', 32, 'L', 'O+', 'dawe', '2026-02-22 12:11:18', '2026-02-22 12:11:18'),
('PND-66F95947', '3319M1VEN000002', 'Vendi Kurnianto Wibowo', 'Garung Lor 3/3', '85325485058', 25, 'L', 'B+', 'kaliwungu', '2026-02-22 12:11:18', '2026-02-22 12:11:18'),
('PND-678B53F9', '3319M1AGU000190', 'Agus Widianto', 'Jepang Pakis 1/7', '81216322622', 46, 'L', 'B+', 'jati', '2026-02-22 12:11:18', '2026-02-22 12:11:18'),
('PND-67B58F7B', '3319DGYus000004', 'Yusbeni', 'Undaan Tengah 2/3', '85640680902', 42, 'L', 'A+', 'undaan', '2026-02-22 12:11:18', '2026-02-22 12:11:18'),
('PND-68051713', '3319DGMOC000107', 'Moch Abdul Rozaq', 'Gribig 3/3', '85800708602', 44, 'L', 'O+', 'gebog', '2026-02-22 12:11:18', '2026-02-22 12:11:18'),
('PND-6899BF04', '3319DGILH000009', 'Ilham Maulana', 'Mijen 8/1', '81325286913', 27, 'L', 'A+', 'kaliwungu', '2026-02-22 12:11:18', '2026-02-22 12:11:18'),
('PND-6979DA5D', '3319DGRAD000012', 'Raden Bishma Blimbi Yuda', 'Purwosari 1/3', '8122883239', 58, 'L', 'B+', 'kota', '2026-02-22 12:11:18', '2026-02-22 12:11:18'),
('PND-698A5E74', '3319DGMUH001000', 'Muhammad Wildan Fahri', 'Ngembalrejo 5/3', '89507218509', 17, 'L', 'O+', 'bae', '2026-02-22 12:11:18', '2026-02-22 12:11:18'),
('PND-69BFDD6C', '3319DGMAS000153', 'Mastul\'an', 'Wates 01/05', '81237477886', 38, 'L', 'O+', 'undaan', '2026-02-22 12:11:18', '2026-02-22 12:11:18'),
('PND-6A45F941', '3319MUAch000005', 'Achmad Noor Fitri', 'Mlati Lor 3/3', '87831791281', 31, 'L', 'O+', 'kota', '2026-02-22 12:11:18', '2026-02-22 12:11:18'),
('PND-6A62232C', '3319DGNOR000080', 'Nor Imam', 'Kedungsari Mulyo 5/1', '85328265666', 48, 'L', 'O+', 'gebog', '2026-02-22 12:11:19', '2026-02-22 12:11:19'),
('PND-6AE259AE', '3319DGSRI000086', 'Sri Shofiyah', 'Burikan 2/3', '85702244571', 50, 'P', 'B+', 'kota', '2026-02-22 12:11:17', '2026-02-22 12:11:17'),
('PND-6AE982B8', '3319M1ALE000016', 'Alex Faizal Rizza', 'Gondosari 5/4', '8992927777', 39, 'L', 'B+', 'gebog', '2026-02-22 12:11:19', '2026-02-22 12:11:19'),
('PND-6B29F0C0', '3319M1SUL000065', 'Sultoni', 'Honggosoco 4/4', '81215452186', 48, 'L', 'O+', 'jekulo', '2026-02-22 12:11:17', '2026-02-22 12:11:17'),
('PND-6B3394E0', '3319DGEKO000050', 'Eko Rohmanto', 'Kedungsari 2/2', '82227767081', 34, 'L', 'O+', 'gebog', '2026-02-22 12:11:18', '2026-02-22 12:11:18'),
('PND-6B7901D7', '3319DGIMA000078', 'Imam Abdur Rohim', 'Prambatan Lor 06/03', '0', 37, 'L', 'B+', 'kaliwungu', '2026-02-22 12:11:18', '2026-02-22 12:11:18'),
('PND-6C11044F', '3319M2ROB000004', 'Robert Santosa', 'Jl.Sunan Muria 49', '8995536999', 38, 'L', 'B+', 'kota', '2026-02-22 12:11:18', '2026-02-22 12:11:18'),
('PND-6C82BFA2', '3319DGNIK000015', 'Niken Septiani', 'Tanjungkarang 3/2', '82324205127', 42, 'P', 'O+', 'jati', '2026-02-22 12:11:18', '2026-02-22 12:11:18'),
('PND-6C98303C', '3319DGMIF000054', 'Miftakhur Riza', 'Kalirejo 6/1', '85700531486', 25, 'L', 'A+', 'undaan', '2026-02-22 12:11:19', '2026-02-22 12:11:19'),
('PND-6D661E32', '3319DGMAN000025', 'Manaf Hidayat', 'Ngelo ngembal 5/4', '85642932101', 29, 'L', 'O+', 'bae', '2026-02-22 12:11:18', '2026-02-22 12:11:18'),
('PND-6D923197', '3319M2ROF000002', 'Rofiq', 'Bakalan Krapyak 3/3', '81326313268', 50, 'L', 'O+', 'kaliwungu', '2026-02-22 12:11:18', '2026-02-22 12:11:18'),
('PND-6DBA6E42', '3319DGAGU000342', 'Agus Priyono', 'Loram Wetan 2/6', '85741847254', 45, 'L', 'O+', 'jati', '2026-02-22 12:11:17', '2026-02-22 12:11:17'),
('PND-6E32A2E6', '3319MTSet000006', 'Setiyawan', 'Panjang 1/1', '85640128005', 43, 'L', 'O+', 'bae', '2026-02-22 12:11:17', '2026-02-22 12:11:17'),
('PND-6EB7EFAE', '3319DGKAS000071', 'Kasmito', 'Banget 5/1', '882008114349', 50, 'L', 'O+', 'kaliwungu', '2026-02-22 12:11:18', '2026-02-22 12:11:18'),
('PND-6EC300B1', '3319DGMZA000008', 'M.Zamroni', 'Jati Kulon 4/6', '895800048388', 29, 'L', 'A+', 'jati', '2026-02-22 12:11:17', '2026-02-22 12:11:17'),
('PND-6EEA44D6', '3319M1MOH000045', 'Moh Naufal Badri', 'Gulang 3/1', '8995888114', 34, 'L', 'B+', 'mejobo', '2026-02-22 12:11:17', '2026-02-22 12:11:17'),
('PND-6F066CDD', '3319M2HAF000006', 'Hafidh Fahmi Furqon', 'purwosari 4/5', '85700280020', 25, 'L', 'A+', 'kota', '2026-02-22 12:11:17', '2026-02-22 12:11:17'),
('PND-6F40F85D', '3319M1GAT000007', 'Gatot Satriawan', 'Dk Demangan Mijen 8/6', '85738439639', 35, 'L', 'O+', 'kota', '2026-02-22 12:11:17', '2026-02-22 12:11:17'),
('PND-6F42CEB6', '3319M5YOK000001', 'Yokhebed H', 'Jl Sunan Kudus 12', '895382866570', 22, 'L', 'B+', 'kota', '2026-02-22 12:11:18', '2026-02-22 12:11:18'),
('PND-6F504BD5', '3319DGSRI000198', 'Sri Mulyo', 'Kacu', '85829390494', 46, 'L', 'B+', 'kaliwungu', '2026-02-22 12:11:18', '2026-02-22 12:11:18'),
('PND-6F712B09', '3319M1BAY000009', 'Bayu Indar Pradibta', 'Barongan 6/1', '8978594805', 35, 'L', 'O+', 'kota', '2026-02-22 12:11:18', '2026-02-22 12:11:18'),
('PND-704F6513', '3319M2EKO000087', 'Eko Zuliyanto', 'Cendono 6/6', '85747409900', 29, 'L', 'A+', 'dawe', '2026-02-22 12:11:18', '2026-02-22 12:11:18'),
('PND-705C3B0D', '3319DGHUS000009', 'Husnul Khotimah', 'Peganjaran 3/4', '85876793215', 35, 'P', 'B+', 'bae', '2026-02-22 12:11:18', '2026-02-22 12:11:18'),
('PND-711C7BC0', '3319MUBud000017', 'Budi Sutrisno', 'Getas Pejaten 90 9/2', '81575686555', 66, 'L', 'O+', 'jati', '2026-02-22 12:11:19', '2026-02-22 12:11:19'),
('PND-71A391AA', '3319DGMUH001009', 'Muh Zaenal Abidin', 'Honggosoco 07/02', '89618305942', 40, 'L', 'A+', 'jekulo', '2026-02-22 12:11:17', '2026-02-22 12:11:17'),
('PND-727D32B8', '3319M2MUH000539', 'Muhammad Doni Alfian', 'Bakalan Krapyak 2/1 Kaliwungu', '85740073073', 29, 'L', 'B+', 'kaliwungu', '2026-02-22 12:11:18', '2026-02-22 12:11:18'),
('PND-72882847', '3319M2AYU000016', 'Ayu Destyana', 'Prambatan Kidul 6/1', '85728426559', 26, 'P', 'O+', 'kaliwungu', '2026-02-22 12:11:17', '2026-02-22 12:11:17'),
('PND-72AC142C', '3319DGYUD000025', 'Yudhi Angga Pratama', 'Jepang Pakis 1/7', '85786558896', 36, 'L', 'A+', 'jati', '2026-02-22 12:11:18', '2026-02-22 12:11:18'),
('PND-730127DD', '3319M2WAF000005', 'Wafa Usyahadah', 'Loram Kulon 4/3', '85876427974', 18, 'P', 'B+', 'jati', '2026-02-22 12:11:18', '2026-02-22 12:11:18'),
('PND-7319037F', '3319DGANI000050', 'Anis Syafaati', 'Puyoh 2/2', '85713595223', 33, 'P', 'A+', 'dawe', '2026-02-22 12:11:18', '2026-02-22 12:11:18'),
('PND-733D1650', '3319DGFir000002', 'Firman Effendy', 'Prambatan Lor 4/1 gg.2 no.126', '81351810106', 60, 'L', 'A+', 'kaliwungu', '2026-02-22 12:11:17', '2026-02-22 12:11:17'),
('PND-7345E8B6', '3319M2AGU000209', 'Agus Susilo', 'Gondosari 4/9', '85868566553', 36, 'L', 'B+', 'gebog', '2026-02-22 12:11:18', '2026-02-22 12:11:18'),
('PND-735F8549', '3319M1AGG000001', 'Agges Audina', 'Sunggingan', '81362279695', 24, 'P', 'O+', 'kota', '2026-02-22 12:11:18', '2026-02-22 12:11:18'),
('PND-73D2ABA0', '3319DGTAU000026', 'Taufiqur Rohman', 'Ngembal Kulon 02/04', '8987008700', 38, 'L', 'B+', 'bae', '2026-02-22 12:11:18', '2026-02-22 12:11:18'),
('PND-7413F449', '3319M2RON000001', 'Rondi', 'Pasuruhan lor 1/8', '87784491569', 49, 'L', 'A+', 'jati', '2026-02-22 12:11:18', '2026-02-22 12:11:18'),
('PND-741DCD42', '3319M2SIS000003', 'Siswo Santoso', 'Gribig 3/3', '8122876710', 51, 'L', 'O+', 'gebog', '2026-02-22 12:11:17', '2026-02-22 12:11:17'),
('PND-7430509D', '3319DGHAR000134', 'hariyanto', 'gondoharum 6/3', '85869835158', 33, 'L', 'B+', 'jekulo', '2026-02-22 12:11:18', '2026-02-22 12:11:18'),
('PND-743C96AB', '3319DGNIN000028', 'ninik sulisyatun', 'dukuh waringin 2/1', '85712548485', 35, 'P', 'O+', 'dawe', '2026-02-22 12:11:18', '2026-02-22 12:11:18'),
('PND-7482AA6F', '3319DGBUD000101', 'Budi setyawan', 'Kandangmas 5/2', '81326620005', 43, 'L', 'B+', 'dawe', '2026-02-22 12:11:18', '2026-02-22 12:11:18'),
('PND-748C79DD', '3319M2MUH000467', 'Muhammad Ulin Nuha', 'Loram Kulon 6/4', '85900348070', 23, 'L', 'B+', 'jati', '2026-02-22 12:11:17', '2026-02-22 12:11:17'),
('PND-74B2F569', '3319DGMAR000054', 'Marhadi', 'Jepang 2/10', '895361820992', 50, 'L', 'B+', 'mejobo', '2026-02-22 12:11:17', '2026-02-22 12:11:17'),
('PND-74C121A5', '3319DGTRI000157', 'Tri Erlina Ariyanti', 'Gondosari 1/9', '85602801878', 51, 'P', 'A+', 'gebog', '2026-02-22 12:11:17', '2026-02-22 12:11:17'),
('PND-74C58ED8', '3319M1BUA000001', 'Buang Mohammad Yulianto', 'Ds. Mijen 5/4', '85641352502', 36, 'L', 'O+', 'kaliwungu', '2026-02-22 12:11:17', '2026-02-22 12:11:17'),
('PND-74CDF88B', '3319M1SUT000048', 'Sutrisno', 'Jati Kulon 4/6', '85740809071', 49, 'L', 'B+', 'jati', '2026-02-22 12:11:17', '2026-02-22 12:11:17'),
('PND-7521B021', '3319M1MUH000558', 'Muhammad Maulana', 'Perumahan Megawon Baru 6/2 Jati', '82133209353', 32, 'L', 'A+', 'jati', '2026-02-22 12:11:18', '2026-02-22 12:11:18'),
('PND-755B05A1', '3319DGGAN000009', 'Ganda Saputra', 'Prambatan Kidul 7/1', '85869187370', 30, 'L', 'B+', 'kaliwungu', '2026-02-22 12:11:18', '2026-02-22 12:11:18'),
('PND-757DF29F', '3319M1AWA000001', 'Awan Bagus S', 'Karangdowo 5/5', '85640408677', 36, 'L', 'AB+', 'bae', '2026-02-22 12:11:18', '2026-02-22 12:11:18'),
('PND-75D6DAE9', '3319M1HAR000054', 'Harno Budiyono', 'Kuwukan 03/02', '85640355227', 45, 'L', 'B+', 'dawe', '2026-02-22 12:11:18', '2026-02-22 12:11:18'),
('PND-75D9A4CB', '3319DGWAH000115', 'wahyudi', 'terban 2/3', '81255244355', 32, 'L', 'O+', 'jekulo', '2026-02-22 12:11:18', '2026-02-22 12:11:18'),
('PND-762C235D', '3319MTSun000006', 'Sunarsih', 'Tumpangkrasak 2/3', '89681594601', 52, 'P', 'B+', 'jati', '2026-02-22 12:11:18', '2026-02-22 12:11:18'),
('PND-76D4AC3A', '3319M2FAH000005', 'Fakhrudin', 'Samirejo 1/3', '87746044239', 39, 'L', 'O+', 'dawe', '2026-02-22 12:11:17', '2026-02-22 12:11:17'),
('PND-774D8914', '3319M1MUH000342', 'Muhammad Abdul Rouf', 'Jepang 1/10', '85712222580', 30, 'L', 'B+', 'mejobo', '2026-02-22 12:11:17', '2026-02-22 12:11:17'),
('PND-778206E1', '3319DGPUT000016', 'Putri Prihartini', 'Jurang 2/1 Gebog', '85728630232', 23, 'P', 'AB+', 'gebog', '2026-02-22 12:11:18', '2026-02-22 12:11:18'),
('PND-77841F49', '3319DGWIR000006', 'wiranti', 'getas srabi 5/7', '83843819052', 42, 'P', 'B+', 'gebog', '2026-02-22 12:11:19', '2026-02-22 12:11:19'),
('PND-79479641', '3319DGFAU000013', 'Fauzi achmad saputra', 'Kesambi 3/2', '85868042350', 18, 'L', 'O+', 'mejobo', '2026-02-22 12:11:18', '2026-02-22 12:11:18'),
('PND-795F21F4', '3319DGSYA000094', 'SYAHIDUR ROHMAN', 'UNDAAN LOR GANG 32 008/005', '85726889399', 34, 'L', 'B+', 'undaan', '2026-02-22 12:11:18', '2026-02-22 12:11:18'),
('PND-79848BA8', '3319DGBUR000004', 'Burhanuddin Faisal', 'Kedungsari', '85748221284', 25, 'L', 'B+', 'gebog', '2026-02-22 12:11:18', '2026-02-22 12:11:18'),
('PND-7A1529FF', '3319M1ZUL000027', 'Zuliana', 'Loram Wetan 5/2', '85893209247', 31, 'P', 'B+', 'jati', '2026-02-22 12:11:18', '2026-02-22 12:11:18'),
('PND-7A8F93DA', '3319DGDED000031', 'Dedy Catur Prasoja', 'Gamong 01/02', '85786912074', 22, 'L', 'O+', 'kaliwungu', '2026-02-22 12:11:18', '2026-02-22 12:11:18'),
('PND-7AA437F4', '3319DGAsm000002', 'Asmadi', 'Tanjungrejo 6/6', '81575075298', 50, 'L', 'A+', 'jekulo', '2026-02-22 12:11:17', '2026-02-22 12:11:17'),
('PND-7BC49B79', '3319M1IND000017', 'Indah Retno Wulandari', 'Undaan Lor 5/1 gang 32', '85940651854', 30, 'P', 'AB+', 'undaan', '2026-02-22 12:11:18', '2026-02-22 12:11:18'),
('PND-7BC7CF02', '3319MUMuh000052', 'Muhammad Chasanul Alfiyan', 'Pasuruan Lor 2/4 Jati', '85740480215', 32, 'L', 'AB+', 'jati', '2026-02-22 12:11:19', '2026-02-22 12:11:19'),
('PND-7BD5B3FF', '3319DGNGA000064', 'Ngatirah', 'Jl. Kudus Purwodadi Medini 6/3', '85810404441', 45, 'P', 'B+', 'undaan', '2026-02-22 12:11:18', '2026-02-22 12:11:18'),
('PND-7BF7DF37', '3319DGROH000037', 'Rohmad Suluri', 'Kancilan Terban 4/4', '85802864047', 26, 'L', 'B+', 'jekulo', '2026-02-22 12:11:19', '2026-02-22 12:11:19'),
('PND-7BFCED19', '3319M2ANA000011', 'Ananta Riantori', 'Dk Dawe', '85740483516', 53, 'L', 'O+', 'dawe', '2026-02-22 12:11:17', '2026-02-22 12:11:17'),
('PND-7C921B29', '3319M1SYO000001', 'Syofia Zakiyati Nur', 'Klaling 3/3', '87824979680', 23, 'P', 'O+', 'jekulo', '2026-02-22 12:11:18', '2026-02-22 12:11:18'),
('PND-7CBB93A2', '3319DGMAS000127', 'MASMIRAH', 'Jepang Pakis 3/2', '87831404408', 31, 'P', 'B+', 'jati', '2026-02-22 12:11:18', '2026-02-22 12:11:18'),
('PND-7CD5CB59', '3319M1EKO000119', 'Eko Santoso', 'Jetis Kapuan 2/3', '85867174274', 33, 'L', 'O+', 'jati', '2026-02-22 12:11:19', '2026-02-22 12:11:19'),
('PND-7CDD1EFD', '3319M1DOD000007', 'Dody Susilo', 'Tanjungkarang 3/6', '85283284021', 43, 'L', 'B+', 'jati', '2026-02-22 12:11:18', '2026-02-22 12:11:18'),
('PND-7D141CB3', '3319M5FAT000007', 'Fatchul Dedy Sanjaya', 'Honggosoco 4/4', '81542814576', 31, 'L', 'B+', 'jekulo', '2026-02-22 12:11:18', '2026-02-22 12:11:18'),
('PND-7D2BCCF8', '3319DGAma000001', 'Amal Burhanudin', 'Gribig 03/04 Gebog', '85876155468', 38, 'L', 'A+', 'gebog', '2026-02-22 12:11:17', '2026-02-22 12:11:17'),
('PND-7D455BA1', '3319DGZUM000011', 'Zumrotun', 'klumpit 3/3', '85385791885', 45, 'P', 'O+', 'gebog', '2026-02-22 12:11:18', '2026-02-22 12:11:18'),
('PND-7DADAF86', '3319M5ELI000002', 'Eli Mulyani', 'Bakalan Krapyak 2/3', '85878370782', 51, 'P', 'B+', 'kaliwungu', '2026-02-22 12:11:19', '2026-02-22 12:11:19'),
('PND-7E222DA7', '3319DGHAB000004', 'Habibur Rohman', 'Undaan Lor 7/5', '89607855375', 26, 'L', 'B+', 'undaan', '2026-02-22 12:11:18', '2026-02-22 12:11:18'),
('PND-7E313CE7', '3319M1FAT000004', 'Fatoni', 'Temulus 5/3', '85641755090', 39, 'L', 'O+', 'mejobo', '2026-02-22 12:11:17', '2026-02-22 12:11:17'),
('PND-7F7B0D2E', '3319DGLAN000001', 'Lana Alfiyana', 'Barongan 2/4', '81227403770', 34, 'P', 'A+', 'kota', '2026-02-22 12:11:18', '2026-02-22 12:11:18'),
('PND-7F95804A', '3319DGRUB000003', 'Rubadi', 'Jepang Wetan 4/12', '85724917230', 49, 'L', 'A+', 'mejobo', '2026-02-22 12:11:18', '2026-02-22 12:11:18'),
('PND-7FA0EB78', '3319DGali000001', 'Alif Rahman. Amk.', 'Tanjung karang 4/2', '81325905003', 46, 'L', 'O+', 'jati', '2026-02-22 12:11:18', '2026-02-22 12:11:18'),
('PND-7FACE83A', '3319M4WIN000006', 'Windi Puspita Sari', 'Blimbing Kidul 3/3', '85225232204', 25, 'P', 'O+', 'kaliwungu', '2026-02-22 12:11:18', '2026-02-22 12:11:18'),
('PND-8018E795', '3319M2DID000024', 'Didik Heri Susanto', 'Karangmalang 3/6', '82281045305', 49, 'L', 'A+', 'gebog', '2026-02-22 12:11:17', '2026-02-22 12:11:17'),
('PND-8020E7F2', '3319M3ABD000010', 'Abdul Ghofur', 'Tumpangkrasak 1/6', '89615510817', 27, 'L', 'B+', 'jati', '2026-02-22 12:11:18', '2026-02-22 12:11:18'),
('PND-8038D1C4', '3319DGSuy000006', 'Suyono', 'Sidorekso 1/4', '8562948943', 41, 'L', 'O+', 'kaliwungu', '2026-02-22 12:11:17', '2026-02-22 12:11:17'),
('PND-80C7B1F8', '3319DGSYA000097', 'syaiful annas', 'getas pejaten 2/2', '81311459362', 30, 'L', 'O+', 'jati', '2026-02-22 12:11:17', '2026-02-22 12:11:17'),
('PND-81226A65', '3319DGBAM000101', 'Bambang Subkhan', 'Purwosari 02/02', '85726064999', 31, 'L', 'O+', 'kota', '2026-02-22 12:11:18', '2026-02-22 12:11:18'),
('PND-819F34C5', '3319M2EDW000002', 'Edwin Prastowo', 'Gondosari 3/6', '85727331414', 27, 'L', 'B+', 'gebog', '2026-02-22 12:11:18', '2026-02-22 12:11:18'),
('PND-82151BBC', '3319M2MOC000048', 'Mochamad Romadhon', 'Jl Ganesa IV 1/7 Purwosari', '81348665400', 35, 'L', 'A+', 'kota', '2026-02-22 12:11:18', '2026-02-22 12:11:18'),
('PND-831C1AF5', '3319M5YOD000001', 'Yoda Erick F', 'Gondosari 7/7', '81802818495', 18, 'L', 'O+', 'gebog', '2026-02-22 12:11:18', '2026-02-22 12:11:18'),
('PND-83A4A10E', '3319DGAdi000004', 'Aditya Bagus Armanda', 'Kudus Permai III no. 43', '85727223535', 35, 'L', 'O+', 'kaliwungu', '2026-02-22 12:11:17', '2026-02-22 12:11:17'),
('PND-84B00BCF', '3319M2ANG000032', 'Angga Prasetya', 'Pasuruhan Lor 4/8', '87828710731', 31, 'L', 'B+', 'jati', '2026-02-22 12:11:18', '2026-02-22 12:11:18'),
('PND-8555E21B', '3319M1MOC000059', 'Mochammad Rizal Akbar', 'Demaan 2/4', '8988930699', 34, 'L', 'B+', 'kota', '2026-02-22 12:11:17', '2026-02-22 12:11:17'),
('PND-85E4B3D6', '3319M4EMM000001', 'Emmy Haryanti', 'Cendono 3/5', '85866479121', 49, 'P', 'A+', 'dawe', '2026-02-22 12:11:18', '2026-02-22 12:11:18'),
('PND-85EE7CDD', '3319DGAND000167', 'andika awin firdaus', 'kaliyoso 2/5', '81240426393', 30, 'L', 'A+', 'dawe', '2026-02-22 12:11:18', '2026-02-22 12:11:18'),
('PND-8616997E', '3319DGEDY000043', 'Edy Sugoro', 'Hadiwarno 3/4', '89696351218', 43, 'L', 'O+', 'mejobo', '2026-02-22 12:11:19', '2026-02-22 12:11:19'),
('PND-86794A1C', '3319M1EKO000025', 'Eko Maulana', 'Jojo Kulon 3/1', '85640795582', 36, 'L', 'A+', 'mejobo', '2026-02-22 12:11:17', '2026-02-22 12:11:17'),
('PND-867BCB46', '3319DGEKO000149', 'Eko Pujianto', 'Griya Gondosari', '81296411131', 45, 'L', 'A+', 'gebog', '2026-02-22 12:11:18', '2026-02-22 12:11:18'),
('PND-86D8958E', '3319M1AHM000052', 'Akhmad Fuad', 'Karangmalang 2/8', '81325797310', 52, 'L', 'A+', 'gebog', '2026-02-22 12:11:19', '2026-02-22 12:11:19'),
('PND-874B2F6D', '3319DGMIK000011', 'Mikko Ardiyanto', 'Getas Pejaten 4/2 Jati', '88226473581', 21, 'L', 'O+', 'jati', '2026-02-22 12:11:19', '2026-02-22 12:11:19'),
('PND-87B86E6C', '3319M3MUR000002', 'Murwati', 'Margorejo 5/2', '85862393757', 47, 'P', 'O+', 'dawe', '2026-02-22 12:11:18', '2026-02-22 12:11:18'),
('PND-883EEC97', '3319M1SUT000072', 'Sutriyadi', 'Dk Grobogan Jurang 1/1', '8122919557', 61, 'L', 'A+', 'gebog', '2026-02-22 12:11:18', '2026-02-22 12:11:18'),
('PND-8840FCD4', '3319DGALI000175', 'Alif ihsanul lukman', 'Medini 7/3', '82136206051', 24, 'L', 'B+', 'undaan', '2026-02-22 12:11:18', '2026-02-22 12:11:18'),
('PND-8859663E', '3319M2ARI000028', 'Arief Renaldy Jeffry', 'Perum Jati Permai 39 9/3', '81575002345', 53, 'L', 'O+', 'jati', '2026-02-22 12:11:18', '2026-02-22 12:11:18'),
('PND-896FE8C3', '3319M2MNI000002', 'M Nizammuddin', 'Purwosari Wijilan 1/4', '87834461397', 23, 'L', 'AB+', 'kota', '2026-02-22 12:11:18', '2026-02-22 12:11:18'),
('PND-897A1D45', '3319M1SUH000066', 'Suhardjo', 'Wergu Wetan 4/5', '81325354091', 50, 'L', 'B+', 'kota', '2026-02-22 12:11:18', '2026-02-22 12:11:18'),
('PND-8A095E50', '3319M1AKH000010', 'Akhlish Fuadi', 'Gribig 1/1', '85640453080', 35, 'L', 'O+', 'gebog', '2026-02-22 12:11:19', '2026-02-22 12:11:19'),
('PND-8A434D9C', '3319MUKom000001', 'Komari', 'Getas Pejaten 2/2', '8562661853', 48, 'L', 'A+', 'jati', '2026-02-22 12:11:17', '2026-02-22 12:11:17'),
('PND-8AA7E278', '3319M5RIE000002', 'Rieke Amalia', 'Wergu Wetan 5/4', '85742386952', 26, 'P', 'O+', 'kota', '2026-02-22 12:11:18', '2026-02-22 12:11:18'),
('PND-8AC0194D', '3319M4TRI000006', 'Tri Sugeng Widodo', 'Kaliputu 1/2', '85878203074', 36, 'L', 'B+', 'kota', '2026-02-22 12:11:19', '2026-02-22 12:11:19'),
('PND-8AF91FAC', '3319M1LIL000043', 'Lilik Eko Ristiyono', 'Ngembalrejo 9/1', '89606444167', 34, 'L', 'A+', 'bae', '2026-02-22 12:11:18', '2026-02-22 12:11:18'),
('PND-8B68D9FE', '3319M2SYA000003', 'Syarif Nur Hidayat', 'Peganjaran 3/2', '87880930233', 29, 'L', 'A+', 'bae', '2026-02-22 12:11:18', '2026-02-22 12:11:18'),
('PND-8B8D9341', '3319DGNUR000211', 'Nurul Arifin', 'Dusun Tersono 3/3', '85799738298', 29, 'L', 'O+', 'gebog', '2026-02-22 12:11:17', '2026-02-22 12:11:17'),
('PND-8BA3E4B7', '3319M5TAU000001', 'Taufan Agung SB', 'MlatinorowitoGg.3 3/6', '87829815092', 25, 'L', 'B+', 'kota', '2026-02-22 12:11:18', '2026-02-22 12:11:18'),
('PND-8BBB38A9', '3319MUChu000002', 'Chumaidah', 'Gribig 4/7 Gebog', '895396249901', 46, 'P', 'B+', 'gebog', '2026-02-22 12:11:18', '2026-02-22 12:11:18'),
('PND-8C388641', '3319M1SUG000035', 'Sugeng Riyadi', 'Tanjungkarang 2/2', '82139408417', 43, 'L', 'O+', 'jati', '2026-02-22 12:11:18', '2026-02-22 12:11:18'),
('PND-8C85EBFD', '3319M1IKA000012', 'Ika Salis Putri', 'Karangrowo ,Ngelo 6/4', '85602083512', 28, 'P', 'AB+', 'undaan', '2026-02-22 12:11:18', '2026-02-22 12:11:18'),
('PND-8CB503C1', '3319DGINA000008', 'Inats Tsuraiya Bintang', 'Payaman 1/2', '85695489590', 20, 'P', 'B+', 'mejobo', '2026-02-22 12:11:17', '2026-02-22 12:11:17'),
('PND-8CBF225C', '3319DGMOH000407', 'Mohamad Fathur Ronji', 'Klaling Jeploso 02/04', '85712213220', 30, 'L', 'AB+', 'jekulo', '2026-02-22 12:11:18', '2026-02-22 12:11:18'),
('PND-8CD2C29A', '3319DGYOH000019', 'Yohanes Rudianto', 'Ngelo 3/4 Karangrowo', '8576756725', 27, 'L', 'O+', 'undaan', '2026-02-22 12:11:17', '2026-02-22 12:11:17'),
('PND-8CEFEAF7', '3319DGSET000049', 'Setio Budi Utomo', 'Loram Kulon 08/01', '8179547518', 47, 'L', 'O+', 'jati', '2026-02-22 12:11:18', '2026-02-22 12:11:18'),
('PND-8D13DB90', '3319M1ARI000238', 'Aris Ribowo', 'Peganjaran 2/4 Bae', '85256173333', 36, 'L', 'A+', 'bae', '2026-02-22 12:11:18', '2026-02-22 12:11:18'),
('PND-8E52F680', '3319M1SUL000094', 'Sulistiyanto', 'Tanjungrejo 1/6', '85600158176', 49, 'L', 'B+', 'jekulo', '2026-02-22 12:11:17', '2026-02-22 12:11:17'),
('PND-8EF12A83', '3319M2AGU000142', 'Agus Riyanto', 'Dk Pangkrengan Bulung kulon 5/2 Jekulo', '87828420931', 33, 'L', 'O+', 'jekulo', '2026-02-22 12:11:18', '2026-02-22 12:11:18'),
('PND-8F748E9E', '3319DGYOH000012', 'Yohanes Hermawan', 'Jl. Sunan Kudus', '87882282234', 39, 'L', 'O+', 'kota', '2026-02-22 12:11:18', '2026-02-22 12:11:18'),
('PND-8F889BB7', '3319MUSig000002', 'Sigit Purwanto', 'Singocandi 02/04', '8122878522', 59, 'L', 'O+', 'kota', '2026-02-22 12:11:17', '2026-02-22 12:11:17'),
('PND-8F9D657B', '3319DGMUH000798', 'Muhammad Irfan Nauval', 'Tanjung Rejo 2/1', '89503978557', 23, 'L', 'B+', 'mejobo', '2026-02-22 12:11:18', '2026-02-22 12:11:18'),
('PND-8FD3C3C9', '3319M2MUH000476', 'Muhammad Zulfikar', 'Damaran 4/1', '85719442861', 27, 'L', 'O+', 'kota', '2026-02-22 12:11:18', '2026-02-22 12:11:18'),
('PND-9076B704', '3319M1DWI000133', 'Dwi Apriliyanto', 'Tanjungkarang 4/3', '895425570708', 30, 'L', 'O+', 'jati', '2026-02-22 12:11:17', '2026-02-22 12:11:17'),
('PND-908DF4D1', '3319DGFEB000025', 'Febriant Syalsabila A', 'Karangmalang 1/3', '81578688685', 21, 'L', 'B+', 'gebog', '2026-02-22 12:11:17', '2026-02-22 12:11:17'),
('PND-90CCCD3D', '3319M1ABD000161', 'Abdul Mujib', 'Samirejo 3/2', '85713335092', 28, 'L', 'O+', 'dawe', '2026-02-22 12:11:18', '2026-02-22 12:11:18'),
('PND-90D04D94', '3319M4SAI000002', 'Saiful Arif', 'Getasrabi 7/4', '83896482264', 37, 'L', 'O+', 'gebog', '2026-02-22 12:11:17', '2026-02-22 12:11:17'),
('PND-919E148C', '3319DGMUH001016', 'muhammad sofian', 'peganjaran 6/3', '81226062290', 21, 'L', 'B+', 'bae', '2026-02-22 12:11:18', '2026-02-22 12:11:18'),
('PND-91C1E225', '3319M3HAJ000001', 'Hajar Malaghawa', 'Garung Lor 2/3', '85800135644', 33, 'L', 'O+', 'kaliwungu', '2026-02-22 12:11:18', '2026-02-22 12:11:18'),
('PND-91DC83CE', '3319DGNAN000029', 'Nanang Kusnandar', 'Panjunan wetan 5/1', '87733660698', 34, 'L', 'B+', 'kota', '2026-02-22 12:11:19', '2026-02-22 12:11:19'),
('PND-923B19D9', '3319M2WAF000004', 'KHOFIATUS SA ADAH', 'Mlatinorowito Gg 2 3/2', '85727474905', 44, 'P', 'B+', 'kota', '2026-02-22 12:11:17', '2026-02-22 12:11:17'),
('PND-927F37F1', '3319DGHOS000002', 'hosea kurniawan', 'jl umk no.358 3/4', '89525047297', 25, 'L', 'A+', 'bae', '2026-02-22 12:11:18', '2026-02-22 12:11:18'),
('PND-92C11A6E', '3319M1TOR000001', 'Toriqul Mufid', 'Undaan Kidul 5/3', '85866444487', 38, 'L', 'O+', 'undaan', '2026-02-22 12:11:18', '2026-02-22 12:11:18'),
('PND-93138CC6', '3319DGSUP000198', 'Supriyanto', 'Lau 06/03', '82340874329', 44, 'L', 'B+', 'dawe', '2026-02-22 12:11:18', '2026-02-22 12:11:18'),
('PND-93342965', '3319MTIsw000002', 'Iswandari', 'Jl. Pramuka. 11 Mlati Kidul 1/3', '85713137611', 60, 'L', 'A+', 'kota', '2026-02-22 12:11:19', '2026-02-22 12:11:19'),
('PND-9335FDDE', '3319DGMUH000614', 'Muhammad Syafiq', 'Getas Pejaten 7/2', '89669677487', 24, 'L', 'A+', 'jati', '2026-02-22 12:11:17', '2026-02-22 12:11:17'),
('PND-936AC46E', '3319DGSIG000027', 'Sigit Purnomo', 'Burikan 3/3', '81343244635', 27, 'L', 'O+', 'kota', '2026-02-22 12:11:18', '2026-02-22 12:11:18'),
('PND-936B6BCE', '3319DGGAB000003', 'Gabriele Agatha Haryanto', 'Megawon 02/04', '89647001218', 19, 'P', 'B+', 'mejobo', '2026-02-22 12:11:17', '2026-02-22 12:11:17'),
('PND-93BF7CE6', '3319M2ATH000007', 'Atha Talitha Tsany', 'Loram Wetan 3/4', '81390248924', 22, 'P', 'O+', 'jati', '2026-02-22 12:11:18', '2026-02-22 12:11:18'),
('PND-93D4ECE8', '3319DGAGU000056', 'Agus Jumanto', 'Jepang wetan 4/1', '85642285644', 33, 'L', 'B+', 'mejobo', '2026-02-22 12:11:18', '2026-02-22 12:11:18'),
('PND-93D93F6B', '3319DGSYA000095', 'SYARIF HIDAYAT', 'GARUNG LOR', '87853667588', 17, 'L', 'O+', 'kaliwungu', '2026-02-22 12:11:17', '2026-02-22 12:11:17'),
('PND-9583EB52', '3319DGPun000001', 'Pundi Utomo', 'Pasuruan lor 510 3/3', '87833966999', 45, 'L', 'AB+', 'jati', '2026-02-22 12:11:18', '2026-02-22 12:11:18'),
('PND-95A4A34D', '3319DGSUH000062', 'Suhadi', 'Lau 7/5', '85865828228', 44, 'L', 'O+', 'dawe', '2026-02-22 12:11:18', '2026-02-22 12:11:18'),
('PND-9616BE3E', '3319DGYUN000017', 'Yuni Martutik', 'Ploso 4/2 Jati', '89636042822', 48, 'P', 'B+', 'jati', '2026-02-22 12:11:18', '2026-02-22 12:11:18'),
('PND-963D8DBE', '3319M2BIS000004', 'Bisyri Mustofa', 'Ngemplak 1/2', '85183279090', 30, 'L', 'O+', 'undaan', '2026-02-22 12:11:17', '2026-02-22 12:11:17'),
('PND-968BAA9C', '3319M2MUH000342', 'Muhammad Sultonul Akbar', 'Karangmalang 3/4', '89638807504', 25, 'L', 'A+', 'gebog', '2026-02-22 12:11:18', '2026-02-22 12:11:18'),
('PND-969B79F8', '3319M2KHA000030', 'Ahmad Khambali', 'Getassrabi 10/4', '85226076666', 40, 'L', 'O+', 'gebog', '2026-02-22 12:11:19', '2026-02-22 12:11:19'),
('PND-9717E553', '3319DGMOH000075', 'Moh Ali Khomsin', 'Dk Tambak Boyo 2/2 Ngembal Kulon', '85866758674', 42, 'L', 'O+', 'bae', '2026-02-22 12:11:18', '2026-02-22 12:11:18'),
('PND-97A4A01D', '3319DGRIN000029', 'Rino', 'Jl. Kudus-Purwodadi', '8112526575', 48, 'L', 'A+', 'undaan', '2026-02-22 12:11:17', '2026-02-22 12:11:17'),
('PND-9841D26D', '3319MUSut000008', 'Sutikno', 'Besito 1/5', '85225105352', 49, 'L', 'O+', 'bae', '2026-02-22 12:11:18', '2026-02-22 12:11:18'),
('PND-98DEB104', '3319M2NAN000035', 'nanang naharudin ahmad', 'jekulo 1/8', '85726609600', 39, 'L', 'O+', 'jekulo', '2026-02-22 12:11:17', '2026-02-22 12:11:17'),
('PND-98E6BB0E', '3319M1MFA000004', 'M Fakhrul Yanis', 'Loram wetan 6/2', '8979809043', 30, 'L', 'B+', 'jati', '2026-02-22 12:11:18', '2026-02-22 12:11:18'),
('PND-9978AC11', '3319M2SUD000011', 'Sudarisman', 'Gulang 8/4', '85290343904', 33, 'L', 'AB+', 'mejobo', '2026-02-22 12:11:17', '2026-02-22 12:11:17'),
('PND-99CAF5C7', '3319MTBas000006', 'Bastian Ismail', 'Panjang 3/2 Kudus', '85727325412', 44, 'L', 'B+', 'bae', '2026-02-22 12:11:17', '2026-02-22 12:11:17'),
('PND-99D45844', '3319MUNoo000014', 'Noor Fajarun', 'Pasuruan Kidul 5/1', '8122861353', 51, 'L', 'B+', 'jati', '2026-02-22 12:11:18', '2026-02-22 12:11:18'),
('PND-99F1A0F8', '3319DGSLA000093', 'Slamet Ari Wahyu Wibowo', 'Cendono 2/4', '81314910560', 31, 'L', 'O+', 'dawe', '2026-02-22 12:11:19', '2026-02-22 12:11:19'),
('PND-9A7A2359', '3319M5MUH000296', 'Muhammad Rizal Saputra', 'Wates 1/2', '85721602972', 18, 'L', 'B+', 'undaan', '2026-02-22 12:11:18', '2026-02-22 12:11:18'),
('PND-9AADEBC0', '3319DGALE000013', 'Alexander Leonardo', 'Mijen 4/5', '85877127513', 22, 'L', 'A+', 'kaliwungu', '2026-02-22 12:11:17', '2026-02-22 12:11:17'),
('PND-9B4ECE0E', '3319M1MUS000025', 'Mustofa', 'Burikan 1/4', '81326794702', 56, 'L', 'O+', 'kota', '2026-02-22 12:11:18', '2026-02-22 12:11:18'),
('PND-9B915181', '3319DGFIT000040', 'FITRIA NUZULUL RIZQI', 'loram wetan 6/2', '85311715521', 30, 'P', 'O+', 'jati', '2026-02-22 12:11:18', '2026-02-22 12:11:18'),
('PND-9BF1F37C', '3319M1SAN000005', 'Sanyo Listiono', 'Tanjungkarang 4/2', '85225340144', 49, 'L', 'B+', 'jati', '2026-02-22 12:11:17', '2026-02-22 12:11:17'),
('PND-9C01368B', '3319DGHAM000013', 'hamdan maulana wildan', 'karang malang 2/8', '85761801850', 19, 'L', 'A+', 'gebog', '2026-02-22 12:11:18', '2026-02-22 12:11:18'),
('PND-9C269681', '3319M2ADI000068', 'Adiba Arifia Fadilah', 'Tegalarum 431 5/3', '8157946437', 25, 'P', 'B+', 'kota', '2026-02-22 12:11:18', '2026-02-22 12:11:18'),
('PND-9C44B29D', '3319M1YOF000001', 'Yofan Kiswanto', 'Jekulo 2/4', '87819711782', 36, 'L', 'O+', 'jekulo', '2026-02-22 12:11:18', '2026-02-22 12:11:18'),
('PND-9C8C4DAD', '3319DGINA000005', 'Ina Zulfida Sadewi', 'Margorejo 01/07', '85601166216', 34, 'P', 'O+', 'dawe', '2026-02-22 12:11:18', '2026-02-22 12:11:18'),
('PND-9CB500DC', '3319M2MAR000023', 'Mardiyah ulfah', 'Jepang 4/1 Mejobo', '85523900384', 32, 'P', 'AB+', 'mejobo', '2026-02-22 12:11:18', '2026-02-22 12:11:18'),
('PND-9CFBCDAE', '3319DGMOH000256', 'Mohamad Imam Syafii', 'Purwosari 4/2', '85326701292', 28, 'L', 'AB+', 'kota', '2026-02-22 12:11:18', '2026-02-22 12:11:18'),
('PND-9DAB61F7', '3319DGWIR000006', 'wiranti', 'getas srabi 5/7', '83843819052', 42, 'P', 'B+', 'gebog', '2026-02-22 12:11:18', '2026-02-22 12:11:18'),
('PND-9E4E9BFA', '3319DGAri000027', 'Ariyo Soto Surono', 'Tumpang Krasak 1/5 Jati', '87839280028', 39, 'L', 'O+', 'jati', '2026-02-22 12:11:17', '2026-02-22 12:11:17'),
('PND-9ECEA0D4', '3319MURom000001', 'Romy Sofyan', 'Jerak Kembang 2/4 Sunggingan', '8156540120', 53, 'L', 'B+', 'kota', '2026-02-22 12:11:18', '2026-02-22 12:11:18'),
('PND-9F30F7F1', '3319DGMUC000060', 'muchamad syarif hidayatullah', 'demaan 2/4', '81336355944', 26, 'L', 'O+', 'kota', '2026-02-22 12:11:17', '2026-02-22 12:11:17'),
('PND-9F34C9E7', '3319M5MUH000015', 'Muhammad Indra Ramadhan', 'Gondosari 4/6', '89506398295', 28, 'L', 'O+', 'gebog', '2026-02-22 12:11:18', '2026-02-22 12:11:18'),
('PND-9F6C24BA', '3319DGIMA000077', 'Imannuella Enjeni', 'Perum Muria Indah BLok E NO 143-144', '85962885600', 22, 'P', 'O+', 'bae', '2026-02-22 12:11:17', '2026-02-22 12:11:17'),
('PND-9FC78018', '3319M2MOC000043', 'Mochamad Abdul Quraissihab', 'Honggosoco 2/3', '85741607612', 26, 'L', 'O+', 'jekulo', '2026-02-22 12:11:17', '2026-02-22 12:11:17'),
('PND-9FE9389E', '3319M5NOO000030', 'Noor Milla Muwahidatin', 'Pasuruhan lor 4/11', '85927478757', 33, 'P', 'B+', 'jati', '2026-02-22 12:11:18', '2026-02-22 12:11:18'),
('PND-A05FAB6D', '3319M2EKO000062', 'Eko Ariwiyantoro', 'Medini 3/3', '85865559102', 28, 'L', 'B+', 'undaan', '2026-02-22 12:11:18', '2026-02-22 12:11:18'),
('PND-A08AEAA9', '3319M5MUH000062', 'Muhammad Hamin', 'Hadipolo 5/2', '85727717749', 31, 'L', 'B+', 'jekulo', '2026-02-22 12:11:17', '2026-02-22 12:11:17'),
('PND-A145A9F6', '3319DGPUT000006', 'Putu Agus Sholat', 'Tanjungkarang 3/2', '8818786679', 45, 'L', 'B+', 'jati', '2026-02-22 12:11:18', '2026-02-22 12:11:18'),
('PND-A16B669C', '3319M4WIN000004', 'Winarto', 'Getassrabi 2/3', '85600878211', 35, 'L', 'O+', 'gebog', '2026-02-22 12:11:18', '2026-02-22 12:11:18'),
('PND-A196B3B2', '3319MTFaj000003', 'Fajar Aditya Yunianto', 'Gondangmanis 7/2', '8562742845', 35, 'L', 'B+', 'bae', '2026-02-22 12:11:17', '2026-02-22 12:11:17'),
('PND-A1FDD2FF', '3319M1MUT000017', 'Mutoriq', 'Mijen 2/2', '87746142210', 40, 'L', 'O+', 'kaliwungu', '2026-02-22 12:11:18', '2026-02-22 12:11:18'),
('PND-A25191DE', '3319MBSup000018', 'Supriyadi', 'Klaling 2/2', '85290044899', 45, 'L', 'O+', 'jekulo', '2026-02-22 12:11:18', '2026-02-22 12:11:18'),
('PND-A2A6439B', '3319M1NGA000053', 'Ngapriyono', 'Gondosari 3/1', '8562760820', 40, 'L', 'B+', 'gebog', '2026-02-22 12:11:17', '2026-02-22 12:11:17'),
('PND-A397C9BE', '3319M2RIS000027', 'Risqi Octa Alfrianto', 'Getas Pejaten 5/2', '8122863885', 37, 'L', 'O+', 'jati', '2026-02-22 12:11:18', '2026-02-22 12:11:18'),
('PND-A3BBC7D3', '3319DGFIR000030', 'Firdaus Yusuf Kurniawan', 'Nganguk Wali 4/3', '85641771617', 28, 'L', 'A+', 'kota', '2026-02-22 12:11:17', '2026-02-22 12:11:17'),
('PND-A3F35891', '3319DGMUS000123', 'Musyarofah', 'kedung Sari 1/7', '85290703254', 29, 'P', 'O+', 'gebog', '2026-02-22 12:11:17', '2026-02-22 12:11:17'),
('PND-A434B601', '3319DGSOF000031', 'sofian hadi', 'mlati lor 4/3', '89503748169', 42, 'L', 'B+', 'kota', '2026-02-22 12:11:18', '2026-02-22 12:11:18'),
('PND-A4E0F8E0', '3319DGYUS000057', 'Yusril Ardian Syah', 'Gulang 3/5', '85229522394', 27, 'L', 'B+', 'mejobo', '2026-02-22 12:11:18', '2026-02-22 12:11:18'),
('PND-A5029909', '3319DGYUL000057', 'Yuliana Salma', 'Ds Loram Wetan 01/02', '87834415228', 18, 'P', 'O+', 'jati', '2026-02-22 12:11:17', '2026-02-22 12:11:17'),
('PND-A531E2EE', '3319M1HOK000001', 'Hukyanto Singgih', 'JL Kutilang No 45 4/5', '85715437979', 59, 'L', 'B+', 'kota', '2026-02-22 12:11:18', '2026-02-22 12:11:18'),
('PND-A55010C2', '3319M2ARM000002', 'Armi Lunita', 'Mejobo 4/2', '87833962606', 54, 'P', 'B+', 'mejobo', '2026-02-22 12:11:18', '2026-02-22 12:11:18'),
('PND-A55011F0', '3319M2DAN000018', 'Daniel Salfauz', 'Jl.Ganesha 05/07', '85641598431', 35, 'L', 'AB+', 'kota', '2026-02-22 12:11:18', '2026-02-22 12:11:18'),
('PND-A56F47E8', '3319M1NAI000017', 'Nailal Muna', 'Temulus 7/3', '81919897196', 29, 'L', 'AB+', 'mejobo', '2026-02-22 12:11:17', '2026-02-22 12:11:17'),
('PND-A5D82152', '3319DGSUY000050', 'suyoto', 'soco4/1', '82324553388', 45, 'L', 'B+', 'dawe', '2026-02-22 12:11:18', '2026-02-22 12:11:18'),
('PND-A6B2644C', '3319M5JAR000002', 'Jarir Bafadlol A', 'Gondosari 4/2', '87741679197', 19, 'L', 'O+', 'gebog', '2026-02-22 12:11:18', '2026-02-22 12:11:18'),
('PND-A6DF3D1E', '3319DGBUD000082', 'Budi Prasetyo', 'Klumpit 1/5 Gebog', '81336602845', 47, 'L', 'B+', 'gebog', '2026-02-22 12:11:18', '2026-02-22 12:11:18'),
('PND-A7463B70', '3319DGJUM000041', 'Jumrotun', 'Jojo 3/2', '85325115648', 42, 'P', 'O+', 'mejobo', '2026-02-22 12:11:17', '2026-02-22 12:11:17'),
('PND-A7CDA27D', '3319M5MRI000002', 'Muhammad Rizki Setiawan', 'Bacin 03/01', '85291282609', 21, 'L', 'O+', 'bae', '2026-02-22 12:11:18', '2026-02-22 12:11:18'),
('PND-A7D88D62', '3319M4AHM000031', 'Ahmad Syaikhul Ulum', 'Panjang 2/1 Bae', '896950037500', 28, 'L', 'O+', 'bae', '2026-02-22 12:11:18', '2026-02-22 12:11:18'),
('PND-A7F51322', '3319DGSUB000061', 'Subiyanto', 'Sidorekso 1/3', '81390705257', 42, 'L', 'B+', 'kaliwungu', '2026-02-22 12:11:18', '2026-02-22 12:11:18'),
('PND-A8BDBFA9', '3319M5JOH000003', 'Johanes adi prasetya', 'Singocandi 01/04', '82325840223', 34, 'L', 'B+', 'kota', '2026-02-22 12:11:18', '2026-02-22 12:11:18'),
('PND-A8D24D79', '3319MUBam000005', 'Bambang Purnomo', 'Krajan Singocandi 1/2', '81325324726', 55, 'L', 'A+', 'kota', '2026-02-22 12:11:18', '2026-02-22 12:11:18'),
('PND-A95EE260', '3319DGSHO000029', 'Sholikin Salam', 'Prambatan Kidul 3/3', '85728542114', 43, 'L', 'O+', 'kaliwungu', '2026-02-22 12:11:18', '2026-02-22 12:11:18'),
('PND-A9D847F2', '3319DGADI000073', 'Adi Purwanto', 'Undaan Lor 6/1', '85641552434', 29, 'L', 'O+', 'undaan', '2026-02-22 12:11:17', '2026-02-22 12:11:17'),
('PND-AA2D0512', '3319M2ANG000021', 'Anggoro Wicaksono', 'Mlati Kidul 2/1', '81809312692', 28, 'L', 'O+', 'kota', '2026-02-22 12:11:17', '2026-02-22 12:11:17'),
('PND-AB0E9A59', '3319M5SHA000001', 'Shaiqul Umam', 'Tanjungrejo 6/5', '85740581823', 34, 'L', 'B+', 'jekulo', '2026-02-22 12:11:18', '2026-02-22 12:11:18'),
('PND-AB2780E2', '3319DGRAF000006', 'Rafael Winar', 'Kedungdowo 1/6', '85290789027', 17, 'L', 'O+', 'kaliwungu', '2026-02-22 12:11:18', '2026-02-22 12:11:18'),
('PND-AB6CA5B9', '3319M5SAR000007', 'Sari Hidayah', 'Piji 4/6', '81228946187', 20, 'P', 'O+', 'dawe', '2026-02-22 12:11:18', '2026-02-22 12:11:18'),
('PND-AC4801F9', '3319DGFER000003', 'Ferry Irawan', 'Panjang RT 01/RW 03', '8990956567', 38, 'L', 'A+', 'bae', '2026-02-22 12:11:19', '2026-02-22 12:11:19'),
('PND-AC83E82C', '3319M1HAR000030', 'Hartatik', 'Gondangmanis 3/8', '89633137447', 42, 'P', 'O+', 'bae', '2026-02-22 12:11:19', '2026-02-22 12:11:19'),
('PND-ACF2AF2F', '3319M1VIO000002', 'Vionita Nufachriza', 'Jepang 3/9', '85225162517', 26, 'P', 'B+', 'mejobo', '2026-02-22 12:11:18', '2026-02-22 12:11:18'),
('PND-ACF6FFA8', '3319M1HAN000038', 'Handoko', 'Lemah Gunung krandon 5/2', '85157566533', 30, 'L', 'A+', 'kota', '2026-02-22 12:11:18', '2026-02-22 12:11:18'),
('PND-AD0C2082', '3319DGMOK000017', 'Mokhamad Faruk', 'Demaan 2/2', '85336231875', 42, 'L', 'B+', 'kota', '2026-02-22 12:11:18', '2026-02-22 12:11:18'),
('PND-AD4D176E', '3319M1MUH000806', 'Muhamad Alimi', 'Tergo 4/3 Dawe', '85869832652', 31, 'L', 'O+', 'dawe', '2026-02-22 12:11:18', '2026-02-22 12:11:18'),
('PND-AD7477E4', '3319DGAhm000012', 'Akhmad Mulyadi', 'Sidorekso 05/01', '85866297888', 43, 'L', 'B+', 'kaliwungu', '2026-02-22 12:11:17', '2026-02-22 12:11:17'),
('PND-AE8611B9', '3319DGPET000007', 'Petrus Adhyatmaka Dwi Putra', 'PERUM DJARUM 135 9/2', '81264542131', 34, 'L', 'A+', 'jati', '2026-02-22 12:11:18', '2026-02-22 12:11:18'),
('PND-AEAF6605', '3319DGEDI000088', 'edi setiawan', 'klaling', '85225165299', 39, 'L', 'B+', 'jekulo', '2026-02-22 12:11:18', '2026-02-22 12:11:18'),
('PND-AEC64A9C', '3319M2RIT000005', 'Rita Purwani K', 'Jati Kulon 1/3', '81325889298', 51, 'P', 'O+', 'jati', '2026-02-22 12:11:18', '2026-02-22 12:11:18'),
('PND-AFDEA334', '3319DGHer000008', 'Hery Siswanto', 'Wergu Wetan 6/1', '81325723672', 53, 'L', 'B+', 'kota', '2026-02-22 12:11:17', '2026-02-22 12:11:17'),
('PND-B0EDDB5B', '3319DGAHM000332', 'Ahmad Rondhi', 'Serut Sadang 01/02', '85780852011', 26, 'L', 'A+', 'jekulo', '2026-02-22 12:11:17', '2026-02-22 12:11:17'),
('PND-B158EC5C', '3319M2DIA000057', 'Diana Rahma Wati', 'kesambi 3/6', '85647845372', 30, 'P', 'B+', 'mejobo', '2026-02-22 12:11:18', '2026-02-22 12:11:18'),
('PND-B191213D', '3319DGIMA000020', 'Imam Agus Faisal', 'Tanjungrejo 5/5', '85713251442', 32, 'L', 'B+', 'jekulo', '2026-02-22 12:11:18', '2026-02-22 12:11:18'),
('PND-B26654B9', '3319DGAGU000346', 'Agus setiawan', 'Kirig 4/2', '85641160540', 28, 'L', 'B+', 'mejobo', '2026-02-22 12:11:18', '2026-02-22 12:11:18'),
('PND-B273E705', '3319M1YOE000001', 'Yoel Aditya', 'Dersalam 4/5', '85865083568', 39, 'L', 'O+', 'bae', '2026-02-22 12:11:17', '2026-02-22 12:11:17'),
('PND-B31D94B8', '3319MTSut000008', 'Sutiah', 'Honggosoco 5/5', '85200341021', 45, 'P', 'A+', 'jekulo', '2026-02-22 12:11:18', '2026-02-22 12:11:18'),
('PND-B3B311FB', '3319M2ARI000213', 'Arina Sofiyana', 'Karangampel 4/3 Kaliwung', '89515528352', 27, 'P', 'B+', 'kaliwungu', '2026-02-22 12:11:19', '2026-02-22 12:11:19'),
('PND-B3B7609A', '3319DGSUM000094', 'Sumini', 'Panjunan 1/4', '81390326466', 43, 'P', 'A+', 'kota', '2026-02-22 12:11:18', '2026-02-22 12:11:18'),
('PND-B3C301F8', '3319M2MUC000020', 'Much Prayitno', 'Karangampel 7/3', '85641218060', 31, 'L', 'B+', 'kaliwungu', '2026-02-22 12:11:18', '2026-02-22 12:11:18'),
('PND-B459687D', '3319DGALA000008', 'Alan Maula Sidky', 'Prambatan Lor', '89669599220', 23, 'L', 'A+', 'kaliwungu', '2026-02-22 12:11:18', '2026-02-22 12:11:18'),
('PND-B47D79FE', '3319M5MUH000078', 'Muhammad Ainul Majid', 'Papringan 7/4', '89631014789', 28, 'L', 'B+', 'kaliwungu', '2026-02-22 12:11:18', '2026-02-22 12:11:18'),
('PND-B51E40A5', '3319M2ADR000003', 'Adriyan yudistira', 'Garung lor 2/3', '85877660079', 22, 'L', 'B+', 'kaliwungu', '2026-02-22 12:11:17', '2026-02-22 12:11:17'),
('PND-B57A2BAD', '3319DGAND000135', 'Andri Surya Wigamayanti', 'Singocandi 3/4 Kudus', '83845180890', 52, 'P', 'O+', 'kota', '2026-02-22 12:11:18', '2026-02-22 12:11:18'),
('PND-B5D2B4A5', '3319DGKNA000001', 'Knang Wibisono A.P', 'Megawon 3/3', '85602243916', 26, 'L', 'B+', 'jati', '2026-02-22 12:11:17', '2026-02-22 12:11:17'),
('PND-B6407147', '3319DGMEI000007', 'Meike Yostania', 'JL HM Subchan no 34 A 1/2', '85867828050', 41, 'P', 'A+', 'kota', '2026-02-22 12:11:18', '2026-02-22 12:11:18'),
('PND-B6722A9F', '3319DGMUH001006', 'muhammad ikhsan A', 'purwosari 3/7', '895424019455', -1, 'L', 'AB+', 'kota', '2026-02-22 12:11:19', '2026-02-22 12:11:19'),
('PND-B6EF37E3', '3319MTSub000009', 'Subekhan', 'Wergu Wetan 1/4', '81330719445', 55, 'L', 'O+', 'kota', '2026-02-22 12:11:17', '2026-02-22 12:11:17'),
('PND-B6F7183F', '3319M1SIL000019', 'Silfia Romadlona', 'Jurang 5/5', '85799798222', 25, 'P', 'B+', 'gebog', '2026-02-22 12:11:19', '2026-02-22 12:11:19'),
('PND-B7871AFE', '3319M2SUT000032', 'Sutapianto', 'Payaman 1/2', '85228160681', 44, 'L', 'O+', 'mejobo', '2026-02-22 12:11:18', '2026-02-22 12:11:18'),
('PND-B7E2D029', '3319DGONY000002', 'ony lipiyanto', 'jepang 1/1', '82332002169', 32, 'L', 'O+', 'mejobo', '2026-02-22 12:11:18', '2026-02-22 12:11:18'),
('PND-B807F3F7', '3319M2HAD000026', 'Hadiid Nur Azizah Soedarsono', 'Jepang Wetan 5/1', '89699204155', 27, 'P', 'O+', 'mejobo', '2026-02-22 12:11:18', '2026-02-22 12:11:18'),
('PND-B85F185B', '3319DGABD000121', 'Abdul Hasyim', 'Honggosoco 5/5', '85292023361', 53, 'L', 'AB+', 'jekulo', '2026-02-22 12:11:18', '2026-02-22 12:11:18'),
('PND-B8EAED64', '3319M2TEJ000001', 'Tedjo Kusumo', 'Jati Indah 151 7/3 Getas Pejaten', '81225269088', 59, 'L', 'B+', 'jati', '2026-02-22 12:11:18', '2026-02-22 12:11:18'),
('PND-B960F2AF', '3319DGJUM000040', 'Jumadi', 'Dk Kacu 04/04', '81226567269', 38, 'L', 'O+', 'kaliwungu', '2026-02-22 12:11:18', '2026-02-22 12:11:18'),
('PND-B9A0A987', '3319M1SYA000054', 'Syaiful Hidayat', 'Karangmalang 4/4', '85726989353', 41, 'L', 'B+', 'gebog', '2026-02-22 12:11:18', '2026-02-22 12:11:18'),
('PND-B9D114BD', '3319DGPUR000062', 'Purnomo', 'Kedungsari Mulya 07/02', '85602784839', 30, 'L', 'B+', 'gebog', '2026-02-22 12:11:18', '2026-02-22 12:11:18'),
('PND-B9E3BFA4', '3319DGAHM000362', 'Ahmad Zulil Khairul Anam', 'Ngemplak Gg 10 1/3', '85713726649', 28, 'L', 'AB+', 'undaan', '2026-02-22 12:11:18', '2026-02-22 12:11:18'),
('PND-B9EE8335', '3319DGASH000009', 'Ashlih Rusda A', 'Ganesha I/3 A', '85254323580', 44, 'L', 'O+', 'kota', '2026-02-22 12:11:17', '2026-02-22 12:11:17'),
('PND-B9FBFEBC', '3319MUAri000026', 'Arif Suhardi', 'Kaliwungu 7/2', '85848885324', 33, 'L', 'AB+', 'kaliwungu', '2026-02-22 12:11:17', '2026-02-22 12:11:17'),
('PND-BA513FDA', '3319DGAMI000035', 'Amin Hamdi', 'Piji 1/6', '857400223158', 35, 'L', 'O+', 'dawe', '2026-02-22 12:11:17', '2026-02-22 12:11:17'),
('PND-BAA4578E', '3319DGWAH000074', 'Wahyu Priyawan', 'Pasuruhan Lor 4/8', '83843650055', 30, 'L', 'O+', 'jati', '2026-02-22 12:11:17', '2026-02-22 12:11:17'),
('PND-BAB5A330', '3319DGAOR000001', 'Aorel Verel Wafiq A.', 'Jati Kulon 3/2', '82241575311', 24, 'L', 'O+', 'jati', '2026-02-22 12:11:18', '2026-02-22 12:11:18'),
('PND-BB2E7C16', '3319M5ABD000008', 'Abdul kholiq', 'Krajan 2/3 Kajar', '85727768503', 34, 'L', 'O+', 'dawe', '2026-02-22 12:11:18', '2026-02-22 12:11:18'),
('PND-BB31A240', '3319DGali000001', 'Alif Rahman. Amk.', 'Tanjung karang 4/2', '81325905003', 46, 'L', 'O+', 'jati', '2026-02-22 12:11:19', '2026-02-22 12:11:19'),
('PND-BB8E5F01', '3319DGSHO000063', 'Shodiqin Amin', 'Roto Kedungsari 05/01', '83890488017', 29, 'L', 'O+', 'gebog', '2026-02-22 12:11:18', '2026-02-22 12:11:18'),
('PND-BB99B374', '3319M2BAM000046', 'Bambang Dwi Priyo Utomo', 'peganjaran 6/3', '81390391237', 49, 'L', 'AB+', 'bae', '2026-02-22 12:11:18', '2026-02-22 12:11:18'),
('PND-BBCC36B4', '3319DGMUH000981', 'Muhammad Asrori', 'Mijen 01/01', '82221123015', 21, 'L', 'O+', 'kaliwungu', '2026-02-22 12:11:18', '2026-02-22 12:11:18'),
('PND-BC34D29E', '3319MBPon000001', 'Ponco Risgiyantoro', 'Dk Kependen Kramat 1/2', '85740719808', 48, 'L', 'AB+', 'kota', '2026-02-22 12:11:17', '2026-02-22 12:11:17'),
('PND-BCAD49D3', '3319M1AYU000004', 'Ayu Nuur Qomariyah', 'Bulung cangkring 3/3', '81353538085', 33, 'P', 'A+', 'jekulo', '2026-02-22 12:11:18', '2026-02-22 12:11:18'),
('PND-BCB0D546', '3319DGSAT000021', 'Satryo Bagas Wicaksono', 'Sidorekso 02/03', '89512838600', 17, 'L', 'O+', 'kaliwungu', '2026-02-22 12:11:18', '2026-02-22 12:11:18'),
('PND-BCF8B93D', '3319M2ADD000002', 'Addo', 'Kerjasan 1/1', '81325529083', 32, 'L', 'O+', 'kota', '2026-02-22 12:11:17', '2026-02-22 12:11:17'),
('PND-BDAF8336', '3319DGMUH000688', 'Muhammad Khoirul Umam', 'Banget 6/1', '89670498556', 26, 'L', 'A+', 'kaliwungu', '2026-02-22 12:11:18', '2026-02-22 12:11:18'),
('PND-BDBA2E94', '3319M2SAI000010', 'Saiful Amri', 'Gribig 3/1', '83817033732', 36, 'L', 'B+', 'gebog', '2026-02-22 12:11:18', '2026-02-22 12:11:18'),
('PND-BDBCDD99', '3319MUAst000001', 'Astono Budijoso', 'Muria Indah H 565', '8156582034', 58, 'L', 'A+', 'bae', '2026-02-22 12:11:18', '2026-02-22 12:11:18'),
('PND-BDE8A997', '3319M2ARY000008', 'Aryka Nugraha', 'Undaan Kidul 1/4', '82134484432', 29, 'L', 'O+', 'undaan', '2026-02-22 12:11:18', '2026-02-22 12:11:18'),
('PND-BE170379', '3319DGMun000006', 'Muna am', 'Pasuruan Lor 4/8', '85866253877', 49, 'L', 'A+', 'jati', '2026-02-22 12:11:17', '2026-02-22 12:11:17'),
('PND-BE666444', '3319M5MUH000083', 'Muhammad Maftuh', 'Mlati Kidul 3/1', '82324207742', 29, 'L', 'A+', 'kota', '2026-02-22 12:11:18', '2026-02-22 12:11:18'),
('PND-BE694AAA', '3319DGSHO000051', 'Sholiehul Huda', 'Tanjungrejo', '85229422282', 34, 'L', 'B+', 'jekulo', '2026-02-22 12:11:18', '2026-02-22 12:11:18'),
('PND-BE9B6DD9', '3319DGMOH000354', 'Mohammad Noor Farid', 'Undaan Lor 2/3', '8989483413', 23, 'L', 'A+', 'undaan', '2026-02-22 12:11:17', '2026-02-22 12:11:17'),
('PND-C04C3CBB', '3319M1NOR000062', 'Nor Yanto', 'Dk Jambean Purworejo 3/1', '89509408001', 37, 'L', 'AB+', 'bae', '2026-02-22 12:11:18', '2026-02-22 12:11:18'),
('PND-C05F1CE2', '3319M2SIS000024', 'Siswantoro', 'Gondangmanis 3/6', '81904673331', 42, 'L', 'O+', 'bae', '2026-02-22 12:11:17', '2026-02-22 12:11:17'),
('PND-C0900107', '3319DGNIS000008', 'Niswatun fitriyah', 'bakalan 14/2', '81325206494', 41, 'P', 'O+', 'kaliwungu', '2026-02-22 12:11:18', '2026-02-22 12:11:18'),
('PND-C181CC67', '3319DGSYA000098', 'Syafikhul Huda', 'Blender 7/3', '85602771462', 38, 'L', 'A+', 'bae', '2026-02-22 12:11:18', '2026-02-22 12:11:18'),
('PND-C18BECA7', '3319DGMUH000603', 'Muhammad Abu Rizal', 'Bakalankrapyak 4/2', '89509957171', 22, 'L', 'O+', 'kaliwungu', '2026-02-22 12:11:17', '2026-02-22 12:11:17'),
('PND-C2DAF629', '3319MTDid000006', 'Didik Yuliana', 'Singocandi 3/3 Kota', '85640532681', 44, 'L', 'O+', 'kota', '2026-02-22 12:11:18', '2026-02-22 12:11:18'),
('PND-C3026FE6', '3319DGAHM000252', 'Ahmad Fadholi', 'Sambung Gg IX RT1/2', '85640074055', 41, 'L', 'O+', 'undaan', '2026-02-22 12:11:18', '2026-02-22 12:11:18'),
('PND-C334BDC6', '3319M1SIT000259', 'Siti Chumaidah', 'Gondosari 2/10', '85329795694', 22, 'P', 'B+', 'gebog', '2026-02-22 12:11:18', '2026-02-22 12:11:18'),
('PND-C36006FB', '3319M1IKA000012', 'Ika Salis Putri', 'Karangrowo ,Ngelo 6/4', '85602083512', 28, 'P', 'AB+', 'undaan', '2026-02-22 12:11:19', '2026-02-22 12:11:19'),
('PND-C407B455', '3319DGFAI000046', 'Faisal hadi Wibowo', 'Panjunan Kulon 03/02 No 436', '85865922501', 27, 'L', 'B+', 'kota', '2026-02-22 12:11:18', '2026-02-22 12:11:18'),
('PND-C47CF97F', '3319M5HEN000009', 'Hendi Maulana', 'Jurang 3/2', '8121343820', 21, 'L', 'A+', 'gebog', '2026-02-22 12:11:18', '2026-02-22 12:11:18'),
('PND-C50B0281', '3319DGJAM000055', 'jamaah', 'pladen 2/1', '81931456953', 39, 'L', 'AB+', 'jekulo', '2026-02-22 12:11:17', '2026-02-22 12:11:17'),
('PND-C55491EC', '3319M1RIS000044', 'Ristomo Adi', 'Tenggeles 1/4', '88229671251', 41, 'L', 'B+', 'mejobo', '2026-02-22 12:11:17', '2026-02-22 12:11:17'),
('PND-C6461CC4', '3319M2NOO000017', 'Noor Hudha', 'banget', '81466714600', 48, 'L', 'O+', 'kaliwungu', '2026-02-22 12:11:18', '2026-02-22 12:11:18'),
('PND-C678E83A', '3319DGMOH000072', 'Moh Qolbuddin', 'Dk Gebog Wetan Kidul 4/3 Gondosari', '85737511460', 31, 'L', 'B+', 'gebog', '2026-02-22 12:11:18', '2026-02-22 12:11:18'),
('PND-C70127DB', '3319DGAGU000345', 'agung prasetyo', 'cranggang 5/1', '82242544185', 27, 'L', 'O+', 'dawe', '2026-02-22 12:11:18', '2026-02-22 12:11:18'),
('PND-C7329D7D', '3319DGDWI000143', 'Dwiky Prabowo', 'Jati Wetan 3/2', '8562691677', 34, 'L', 'A+', 'jati', '2026-02-22 12:11:17', '2026-02-22 12:11:17'),
('PND-C7561F87', '3319M1FAH000020', 'Fahmi Fahrudin', 'Getas Pejaten 4/1', '82243574687', 33, 'L', 'AB+', 'jati', '2026-02-22 12:11:18', '2026-02-22 12:11:18'),
('PND-C7A1F319', '3319M1KOE000003', 'Koen Setyowati', 'Perum Megawon Indah 1/4', '85290011114', 50, 'P', 'B+', 'jati', '2026-02-22 12:11:17', '2026-02-22 12:11:17'),
('PND-C84F2085', '3319M5SRI000028', 'Sri Endang Subiyati', 'Klaling 7/4', '85882748450', 44, 'P', 'O+', 'jekulo', '2026-02-22 12:11:17', '2026-02-22 12:11:17'),
('PND-C87E24DB', '3319DGAGU000320', 'Agus Ridwan', 'Bacin 08/01', '81225794683', 29, 'L', 'A+', 'bae', '2026-02-22 12:11:17', '2026-02-22 12:11:17'),
('PND-C8B866FE', '3319DGEDY000043', 'Edy Sugoro', 'Hadiwarno 3/4', '89696351218', 43, 'L', 'O+', 'mejobo', '2026-02-22 12:11:17', '2026-02-22 12:11:17'),
('PND-C8D6E059', '3319MBSae000001', 'Saeful Anwar', 'Tenggeles 3/2', '82226703167', 35, 'L', 'B+', 'mejobo', '2026-02-22 12:11:18', '2026-02-22 12:11:18'),
('PND-C940054F', '3319DGROH000047', 'Rohmadi', 'Roto Kedungsari 05/01', '82226202191', 27, 'L', 'O+', 'gebog', '2026-02-22 12:11:18', '2026-02-22 12:11:18');
INSERT INTO `data_pendonor` (`id_pendonor`, `id_pendonor_pusat`, `nama_pendonor`, `alamat`, `no_hp`, `umur`, `jenis_kelamin`, `golongan_darah`, `kecamatan`, `created_at`, `updated_at`) VALUES
('PND-CAA1221D', '3319DGBUD000105', 'Budi Hartono', 'Kaliyoso 02/06', '85640890616', 48, 'L', 'B+', 'dawe', '2026-02-22 12:11:18', '2026-02-22 12:11:18'),
('PND-CAD683AF', '3319DGRAF000005', 'Rafi Setiawan', 'Jurang 02/01', '8883937440', 18, 'L', 'B+', 'gebog', '2026-02-22 12:11:17', '2026-02-22 12:11:17'),
('PND-CB6D3090', '3319M1MOH000255', 'Mohammad Septiawan Maulana', 'Jepang 4/4', '8813829665', 25, 'L', 'B+', 'jati', '2026-02-22 12:11:18', '2026-02-22 12:11:18'),
('PND-CC08163E', '3319DGFEB000008', 'Feby Cahyani Putri', 'Nganguk 3/3', '85740320656', 28, 'P', 'O+', 'kota', '2026-02-22 12:11:18', '2026-02-22 12:11:18'),
('PND-CC5A937B', '3319DGAHM000363', 'Ahmad amalia rahman', 'Mlati kidul 3/1', '895425700010', 35, 'L', 'A+', 'kota', '2026-02-22 12:11:18', '2026-02-22 12:11:18'),
('PND-CCF2B6D1', '3319M5AND000029', 'Andi Kurniawan', 'Karangmalang 1/4', '8884043212', 34, 'L', 'O+', 'gebog', '2026-02-22 12:11:18', '2026-02-22 12:11:18'),
('PND-CDD79B91', '3319DGIFF000002', 'Iffah Chifdhiyyah', 'Bae 3/5', '85876749570', 33, 'P', 'B+', 'bae', '2026-02-22 12:11:18', '2026-02-22 12:11:18'),
('PND-CE75F594', '3319DGHEN000097', 'Heni Purwanti', 'kaliputu 2/5', '85894427453', 49, 'P', 'B+', 'kota', '2026-02-22 12:11:18', '2026-02-22 12:11:18'),
('PND-CEE7EDFF', '3319DGEKA000033', 'Eka ferdi kurniawan', 'pasuruhan lor 2/9', '87875288993', 26, 'L', 'B+', 'jati', '2026-02-22 12:11:19', '2026-02-22 12:11:19'),
('PND-CF07747A', '3319DGPra000003', 'Prayogiyanto', 'Demangan 3/2', '8562801246', 49, 'L', 'AB+', 'kota', '2026-02-22 12:11:17', '2026-02-22 12:11:17'),
('PND-CF46E396', '3319DGMUH000994', 'Muhamad Fikri Addillah', 'Garung Lor 05/03', '895414300773', 27, 'L', 'B+', 'kaliwungu', '2026-02-22 12:11:18', '2026-02-22 12:11:18'),
('PND-CFB83385', '3319DGSUR000053', 'Suroso', 'Prambatan Kidul 2/4', '87871313519', 54, 'L', 'O+', 'kaliwungu', '2026-02-22 12:11:19', '2026-02-22 12:11:19'),
('PND-CFF9F01B', '3319DGLUT000021', 'Lutfan Hisbul R', 'Jekulo karang 5/8', '895616860233', 25, 'L', 'B+', 'jekulo', '2026-02-22 12:11:18', '2026-02-22 12:11:18'),
('PND-D06C424E', '3319M1FIZ000001', 'Fiza Akbar', 'Karangmalang 1/7', '81318282884', 41, 'L', 'A+', 'gebog', '2026-02-22 12:11:18', '2026-02-22 12:11:18'),
('PND-D093CD12', '3319MTAri000037', 'Ari Kurniawan', 'Jati Wetan 3/1', '85727799714', 45, 'L', 'B+', 'jati', '2026-02-22 12:11:17', '2026-02-22 12:11:17'),
('PND-D0C4CB42', '3319DGRAH000029', 'Rahmat Hidayatullah', 'winong 6/3', '85329935938', 27, 'L', 'O+', 'kaliwungu', '2026-02-22 12:11:17', '2026-02-22 12:11:17'),
('PND-D0DF6732', '3319DGNUG000012', 'Nugroho Hadi U', 'Perum Djarum Megawon 1/4', '85290011114', 54, 'L', 'A+', 'jati', '2026-02-22 12:11:18', '2026-02-22 12:11:18'),
('PND-D16AC08C', '3319DGDEV000029', 'Devi Wahyu Timurni', 'Barongan 4/1', '895374888038', 24, 'P', 'B+', 'kota', '2026-02-22 12:11:18', '2026-02-22 12:11:18'),
('PND-D1B63E82', '3319DGSIN000013', 'Sinta Choirul Rohmah', 'Jati Kulon 2/5', '8995330198', 23, 'P', 'O+', 'jati', '2026-02-22 12:11:18', '2026-02-22 12:11:18'),
('PND-D1E3511D', '3319M2MEI000001', 'Meiyanto Dwi Isrofi', 'Wergu Wetan 2/4', '85225462311', 42, 'L', 'A+', 'kota', '2026-02-22 12:11:18', '2026-02-22 12:11:18'),
('PND-D2A9AFD5', '3319M2NUG000005', 'Nugraha Adi Y', 'Medini Gg 9', '82123200494', 25, 'L', 'O+', 'undaan', '2026-02-22 12:11:18', '2026-02-22 12:11:18'),
('PND-D2C1F316', '3319DGMUH000886', 'Muhammad Choirul Anam', 'Kesambi 02/4', '81328121087', 28, 'L', 'B+', 'mejobo', '2026-02-22 12:11:18', '2026-02-22 12:11:18'),
('PND-D3362E8C', '3319M5ANI000016', 'Anis Khotimatul Azizah', 'Sidomulyo Jekulo 4/3', '85701600827', 23, 'P', 'B+', 'jekulo', '2026-02-22 12:11:18', '2026-02-22 12:11:18'),
('PND-D3C3E15A', '3319MTJun000003', 'Junaidi', 'Purwosari 4/3 Kota', '88227865257', 56, 'L', 'B+', 'kota', '2026-02-22 12:11:18', '2026-02-22 12:11:18'),
('PND-D3DE19D5', '3319DGSUL000118', 'Sulhadi', 'Tergo 6/3', '85789658026', 33, 'L', 'O+', 'dawe', '2026-02-22 12:11:17', '2026-02-22 12:11:17'),
('PND-D4BACC36', '3319M4ROB000002', 'Robby Septiawan', 'Banget 6/1', '85640809684', 38, 'L', 'B+', 'kaliwungu', '2026-02-22 12:11:18', '2026-02-22 12:11:18'),
('PND-D50BB869', '3319DGMIS000019', 'M Isnan Badrul Jamal', 'Tenggeles 7/4', '88809995758', 52, 'L', 'B+', 'mejobo', '2026-02-22 12:11:18', '2026-02-22 12:11:18'),
('PND-D561CAD6', '3319M1DAN000031', 'Dannyanto Tjipto', 'Jember Permai Blok A/7', '8122911225', 59, 'L', 'B+', 'kota', '2026-02-22 12:11:18', '2026-02-22 12:11:18'),
('PND-D64B22EA', '3319DGMYU000004', 'M Yusron Arifin', 'loram wetan 5/5', '8983920079', 28, 'L', 'A+', 'jati', '2026-02-22 12:11:17', '2026-02-22 12:11:17'),
('PND-D6C3C0CA', '3319M1EDY000042', 'Edy Prasetya', 'Ploso 3/3 Jati', '81390208497', 48, 'L', 'B+', 'jati', '2026-02-22 12:11:18', '2026-02-22 12:11:18'),
('PND-D6E4AABF', '3319DGAUR000002', 'aura fatikhata rizqi', 'Jati Kulon 1/5', '85701041495', 23, 'P', 'B+', 'jati', '2026-02-22 12:11:17', '2026-02-22 12:11:17'),
('PND-D6F26801', '3319DGRES000008', 'Resmiasih', 'Mlati Norowito Gg 1 Kav No 31-32', '82313697573', 47, 'P', 'A+', 'kota', '2026-02-22 12:11:18', '2026-02-22 12:11:18'),
('PND-D8295312', '3319M2JUM000034', 'Jumprianto', 'Ngembal Kulon 1/3', '85389385449', 50, 'L', 'B+', 'bae', '2026-02-22 12:11:18', '2026-02-22 12:11:18'),
('PND-D8B48E34', '3319M1KHU000014', 'Khumaidi', 'Bakalan Krapyak 2/3', '8112580085', 51, 'L', 'B+', 'kaliwungu', '2026-02-22 12:11:19', '2026-02-22 12:11:19'),
('PND-D95E6846', '3319DGIMA000076', 'Imam Cahyono', 'Gondangmanis 2/4 Bae', '8157530785', 34, 'L', 'A+', 'bae', '2026-02-22 12:11:18', '2026-02-22 12:11:18'),
('PND-D9B5AD27', '3319DGGAL000017', 'GALUH RISTYANTO', 'KRAMAT BESAR NO.359', '8982938915', 36, 'L', 'O+', 'kota', '2026-02-22 12:11:18', '2026-02-22 12:11:18'),
('PND-D9E49654', '3319DGIKA000016', 'Ika Maysa Fatmatuz Zahra', 'Bakalan Krapyak 4/3', '81326491319', 19, 'P', 'B+', 'kaliwungu', '2026-02-22 12:11:18', '2026-02-22 12:11:18'),
('PND-DA9057AD', '3319DGZUL000026', 'Zulianah', 'Loram wetan 6/2', '87833465896', 42, 'P', 'B+', 'jati', '2026-02-22 12:11:18', '2026-02-22 12:11:18'),
('PND-DAB2C5E4', '3319DGPur000005', 'Purwanto,SH', 'Gondangmanis 9/6', '81228609470', 56, 'L', 'O+', 'bae', '2026-02-22 12:11:18', '2026-02-22 12:11:18'),
('PND-DB27A638', '3319DGMIQ000006', 'M Iqbal Sofiyyurrohman', 'Jetak 4/5', '81216692003', 27, 'L', 'B+', 'kaliwungu', '2026-02-22 12:11:18', '2026-02-22 12:11:18'),
('PND-DB880644', '3319DGRID000025', 'Ridlwan', 'Lau 06/03', '85225720130', 46, 'L', 'AB+', 'dawe', '2026-02-22 12:11:18', '2026-02-22 12:11:18'),
('PND-DB981668', '3319DGSET000025', 'Setya Dedi Wahdani', 'Kajar 3/1', '89601179929', 28, 'L', 'O+', 'dawe', '2026-02-22 12:11:18', '2026-02-22 12:11:18'),
('PND-DBFC814E', '3319M4MOH000017', 'muhammad Shobirin', 'Jurang 4/4 Gebog', '85778695138', 30, 'L', 'A+', 'gebog', '2026-02-22 12:11:18', '2026-02-22 12:11:18'),
('PND-DC350C3D', '3319M2KHA000030', 'Ahmad Khambali', 'Getassrabi 10/4', '85226076666', 40, 'L', 'O+', 'gebog', '2026-02-22 12:11:17', '2026-02-22 12:11:17'),
('PND-DCFDF30A', '3319DGSUY000033', 'Suyudhi', 'Perum kudus permai XI No 4', '81325665446', 43, 'L', 'O+', 'kaliwungu', '2026-02-22 12:11:17', '2026-02-22 12:11:17'),
('PND-DD3B5DEF', '3319M1WAR000015', 'Waryanti', 'Bakalan Krapyak 2/1', '85869453410', 27, 'P', 'O+', 'kaliwungu', '2026-02-22 12:11:18', '2026-02-22 12:11:18'),
('PND-DDE7D2DB', '3319MUKis000001', 'Kiswanto', 'Bae 5/4', '85225967239', 55, 'L', 'B+', 'bae', '2026-02-22 12:11:18', '2026-02-22 12:11:18'),
('PND-DE40FBD4', '3319DGBRE000001', 'Bregas Arnada', 'Cendono 1/3', '82328159656', 20, 'L', 'A+', 'dawe', '2026-02-22 12:11:17', '2026-02-22 12:11:17'),
('PND-DE890F68', '3319DGNUR000293', 'Nurul Qomar', 'Undaan Lor Gg 20 2/4', '85602763787', 48, 'L', 'B+', 'undaan', '2026-02-22 12:11:18', '2026-02-22 12:11:18'),
('PND-DE95D0E9', '3319DGHAB000004', 'Habibur Rohman', 'Undaan Lor 7/5', '89607855375', 26, 'L', 'B+', 'undaan', '2026-02-22 12:11:19', '2026-02-22 12:11:19'),
('PND-DE9C37CF', '3319DGHER000170', 'heri handoko', 'glagah waru 6/1', '82214401774', 34, 'L', 'AB+', 'undaan', '2026-02-22 12:11:19', '2026-02-22 12:11:19'),
('PND-DF0D4CC0', '3319DGTRI000070', 'Triyono', 'Prawoto 1/3', '85640859425', 36, 'L', 'B+', 'undaan', '2026-02-22 12:11:18', '2026-02-22 12:11:18'),
('PND-DF753059', '3319M1AHM000085', 'Ahmad Ihmal Fauzi', 'Kaliputu 1/2', '85713659366', 32, 'L', 'AB+', 'kota', '2026-02-22 12:11:18', '2026-02-22 12:11:18'),
('PND-DF8D27E5', '3319DGSIT000024', 'Siti Khotijah', 'Panjang 2/3', '85710713833', 44, 'P', 'A+', 'bae', '2026-02-22 12:11:18', '2026-02-22 12:11:18'),
('PND-DFD9992E', '3319DGNAU000011', 'Naufal Fuad Shofwan', 'Terban 01/03', '88239929646', 17, 'L', 'O+', 'jekulo', '2026-02-22 12:11:18', '2026-02-22 12:11:18'),
('PND-E0605B0F', '3319MBAgu000003', 'Agung Sunoto', 'Getas Pejaten 6/2 Jati', '85727744539', 39, 'L', 'O+', 'jati', '2026-02-22 12:11:17', '2026-02-22 12:11:17'),
('PND-E1668216', '3319M2MUH000397', 'Muhammad Eka Putra', 'Besito 4/4', '85877962315', 26, 'L', 'O+', 'bae', '2026-02-22 12:11:17', '2026-02-22 12:11:17'),
('PND-E1A1D5E1', '3319MTEdy000003', 'Edy Kristianto', 'Bulungcangkring 2/3', '85641553560', 43, 'L', 'A+', 'jekulo', '2026-02-22 12:11:17', '2026-02-22 12:11:17'),
('PND-E1B3A599', '3319M1FAH000020', 'Fahmi Fahrudin', 'Getas Pejaten 4/1', '82243574687', 33, 'L', 'AB+', 'jati', '2026-02-22 12:11:19', '2026-02-22 12:11:19'),
('PND-E1E5BCD7', '3319DGTRI000155', 'Tria Utami', 'Cendono 4/2', '81937366206', 28, 'P', 'A+', 'dawe', '2026-02-22 12:11:18', '2026-02-22 12:11:18'),
('PND-E240D83E', '3319M5NOV000007', 'Nova Galuh P', 'Bulung cangkring 5/5', '88228873064', 21, 'L', 'AB+', 'jekulo', '2026-02-22 12:11:18', '2026-02-22 12:11:18'),
('PND-E279E35C', '3319DGMUH000954', 'Muhammad Imron', 'Mlati Kidul 03/01', '85782008215', 44, 'L', 'A+', 'kota', '2026-02-22 12:11:18', '2026-02-22 12:11:18'),
('PND-E27BCBBB', '3319DGari000034', 'Arief Ragil Saputro', 'Singocandi 7/1', '81290447655', 32, 'L', 'B+', 'kota', '2026-02-22 12:11:18', '2026-02-22 12:11:18'),
('PND-E2C60805', '3319MBIkh000001', 'Ikhsan Wahyudi', 'Klumpit 2/1 no 37', '85712162005', 41, 'L', 'A+', 'gebog', '2026-02-22 12:11:18', '2026-02-22 12:11:18'),
('PND-E2D14D16', '3319DGSRI000193', 'SRI WIDIASTUTI', 'BESITO 28', '85740100908', 42, 'P', 'O+', 'bae', '2026-02-22 12:11:17', '2026-02-22 12:11:17'),
('PND-E2E2812D', '3319DGYUD000034', 'Yuda Dika Aditya', 'Margorejo 1/6 Dawe', '82329101182', 26, 'L', 'AB+', 'dawe', '2026-02-22 12:11:18', '2026-02-22 12:11:18'),
('PND-E44D1758', '3319MUIra000001', 'Irawan', 'Gondangmanis 3/6', '8122878741', 63, 'L', 'O+', 'bae', '2026-02-22 12:11:18', '2026-02-22 12:11:18'),
('PND-E4F130B0', '3319DGRIF000049', 'rifqi ainul wava', 'karang malang 3/8', '85700353577', 22, 'L', 'B+', 'gebog', '2026-02-22 12:11:18', '2026-02-22 12:11:18'),
('PND-E5BB236F', '3319M2MOH000015', 'Mohammad Badrun', 'Banget 3/2 Kudus', '82326211096', 39, 'L', 'A+', 'kaliwungu', '2026-02-22 12:11:18', '2026-02-22 12:11:18'),
('PND-E640C4DA', '3319M1LIS000004', 'Lisa Suwandari', 'Getas Pejaten 2/1', '83875184429', 41, 'P', 'B+', 'jati', '2026-02-22 12:11:17', '2026-02-22 12:11:17'),
('PND-E67DC2B7', '3319M1JAN000003', 'Jana Laily Zamana', 'Singocandi Gg.Srikandi 2/1', '85747165585', 35, 'P', 'O+', 'kota', '2026-02-22 12:11:17', '2026-02-22 12:11:17'),
('PND-E69E22FF', '3319DGBUD000070', 'Budy Prasetio', 'Undaan Lor 6/1', '85865633684', 39, 'L', 'O+', 'undaan', '2026-02-22 12:11:17', '2026-02-22 12:11:17'),
('PND-E6BF4C87', '3319MTMoh000016', 'Moh Abdul Jalal', 'Kedungdowo 1/1', '81225367445', 43, 'L', 'O+', 'kaliwungu', '2026-02-22 12:11:17', '2026-02-22 12:11:17'),
('PND-E6C8C264', '3319M2FAK000004', 'Faksi Akbar Mahardika', 'Kauman menara 3/4', '85702006488', 26, 'L', 'O+', 'kota', '2026-02-22 12:11:18', '2026-02-22 12:11:18'),
('PND-E6FB28F0', '3319M1BUD000059', 'Budi Safari', 'Karangrowo 5/4', '85876650065', 42, 'L', 'O+', 'undaan', '2026-02-22 12:11:17', '2026-02-22 12:11:17'),
('PND-E7019816', '3319MTA1M000001', 'A Micxail Wieldan', 'Karang Malang 2/6', '85640966634', 35, 'L', 'O+', 'gebog', '2026-02-22 12:11:18', '2026-02-22 12:11:18'),
('PND-E7483846', '3319M1ARI000112', 'Aris Istiyanto', 'Dukuh Waringin 2/1', '81542119090', 47, 'L', 'B+', 'dawe', '2026-02-22 12:11:18', '2026-02-22 12:11:18'),
('PND-E7636B7C', '3319DGADI000019', 'Adi Nugroho', 'Blimbing Kidul 6/2', '82329963518', 48, 'L', 'A+', 'kaliwungu', '2026-02-22 12:11:17', '2026-02-22 12:11:17'),
('PND-E7C7510B', '3319DGNUS000001', 'Nusron Sambogo', 'Undaan Kidul gg.7 5/2', '81325630106', 42, 'L', 'B+', 'undaan', '2026-02-22 12:11:18', '2026-02-22 12:11:18'),
('PND-E7CA1F13', '3319M2MUH000316', 'Muhammad Asrofi', 'Garung lor 5/1', '89669793774', 31, 'L', 'B+', 'kaliwungu', '2026-02-22 12:11:18', '2026-02-22 12:11:18'),
('PND-E8059207', '3319M1WAW000006', 'Wawan Satriawan', 'Perum Megawon Indah 3/4', '85726295731', 52, 'L', 'A+', 'jati', '2026-02-22 12:11:18', '2026-02-22 12:11:18'),
('PND-E828397D', '3319M1YUS000053', 'Yusuf Erwin Faisal', 'Mijen 2/3', '85888814979', 31, 'L', 'O+', 'kaliwungu', '2026-02-22 12:11:18', '2026-02-22 12:11:18'),
('PND-E8E68F93', '3319MTIma000003', 'Drs Imam Santosa', 'Pasuruan Lor 2/3', '85226297814', 59, 'L', 'A+', 'jati', '2026-02-22 12:11:18', '2026-02-22 12:11:18'),
('PND-E95AE35E', '3319DGJam000006', 'Jamaah', 'Tanjungkarang 2/2 Jati', '85225496556', 54, 'L', 'O+', 'jati', '2026-02-22 12:11:17', '2026-02-22 12:11:17'),
('PND-E981852C', '3319MTJok000009', 'Joko Prayitno', 'Wergu Wetan 1/4 Kota', '85225953847', 44, 'L', 'AB+', 'kota', '2026-02-22 12:11:17', '2026-02-22 12:11:17'),
('PND-E9DB89E2', '3319M2ELY000005', 'Ely Erwanto', 'Karangbener 5/8', '85819863456', 37, 'L', 'O+', 'bae', '2026-02-22 12:11:18', '2026-02-22 12:11:18'),
('PND-EA8385CA', '3319MUSut000022', 'Sutopo', 'Gulang 7/4', '81325792840', 49, 'L', 'O+', 'mejobo', '2026-02-22 12:11:17', '2026-02-22 12:11:17'),
('PND-EAF5F1ED', '3319DGEDO000004', 'EDO NDARO G', 'MEGAWON 2/3', '85742362141', 35, 'L', 'O+', 'jati', '2026-02-22 12:11:18', '2026-02-22 12:11:18'),
('PND-EBE2B13C', '3319MTAgu000032', 'Agus Yulianto', 'Kedungsari 1/4', '85225624105', 46, 'L', 'B+', 'gebog', '2026-02-22 12:11:18', '2026-02-22 12:11:18'),
('PND-EC871AC7', '3319M1DED000002', 'Dedy Darmawan', 'Wergu Wetan 3/5', '81227916734', 45, 'L', 'B+', 'kota', '2026-02-22 12:11:18', '2026-02-22 12:11:18'),
('PND-ECD8DF4D', '3319DGRAM000019', 'Ramadhan Deva I', 'Pedwang 06/03', '89608370607', 26, 'L', 'O+', 'bae', '2026-02-22 12:11:18', '2026-02-22 12:11:18'),
('PND-ED53C42A', '3319DGRAR000003', 'rara gita mu\'arifatusshafia', 'klalingmenawan', '85876307231', 19, 'P', 'A+', 'gebog', '2026-02-22 12:11:18', '2026-02-22 12:11:18'),
('PND-ED56A85B', '3319M1ZAE000016', 'Zjaenal Mustofa', 'Kajeksan 3/3', '81326103311', 54, 'L', 'A+', 'kota', '2026-02-22 12:11:18', '2026-02-22 12:11:18'),
('PND-ED9D3E6D', '3319DGANI000045', 'Anintiya Yuniar', 'Jetak Kembang 3/6', '85842867116', 26, 'P', 'O+', 'kota', '2026-02-22 12:11:18', '2026-02-22 12:11:18'),
('PND-EDA81502', '3319DGDid000007', 'Didik Poernomo Prayogo', 'Getas Pejaten 8/2', '8982750772', 66, 'L', 'B+', 'jati', '2026-02-22 12:11:19', '2026-02-22 12:11:19'),
('PND-EDF21141', '3319DGMOH000405', 'Mohammad Fatkhur Rohman', 'Undaan Lor Gg 9', '85647109947', 24, 'L', 'O+', 'undaan', '2026-02-22 12:11:18', '2026-02-22 12:11:18'),
('PND-EEFDC25A', '3319DGMUH001006', 'muhammad ikhsan A', 'purwosari 3/7', '895424019455', -1, 'L', 'AB+', 'kota', '2026-02-22 12:11:17', '2026-02-22 12:11:17'),
('PND-EF3C53A4', '3319M1ADI000114', 'Adi Dwi Pramono', 'Demaan 2/4', '85842238431', 27, 'L', 'A+', 'kota', '2026-02-22 12:11:18', '2026-02-22 12:11:18'),
('PND-EF48021C', '3319DGJOK000074', 'Joko Mulyanto', 'Loram kulon 5/4', '857402251986', 39, 'L', 'B+', 'jati', '2026-02-22 12:11:18', '2026-02-22 12:11:18'),
('PND-EFB1A4DD', '3319M1ARI000319', 'Arif Ridwan', 'Papringan 6/4 Kaliwungu', '85875454308', 23, 'L', 'B+', 'kaliwungu', '2026-02-22 12:11:18', '2026-02-22 12:11:18'),
('PND-EFB4EC61', '3319DGAFI000048', 'Afif Aji Prasetya', 'Pedawang 05/02', '85900226006', 25, 'L', 'B+', 'bae', '2026-02-22 12:11:18', '2026-02-22 12:11:18'),
('PND-F01D7A81', '3319DGNOO000099', 'Noor Sokip', 'Jetak 6/4', '87746476088', 42, 'L', 'O+', 'kaliwungu', '2026-02-22 12:11:18', '2026-02-22 12:11:18'),
('PND-F02E86C9', '3319DGRUS000011', 'Rusikin', 'Terban 3/5', '85869180639', 42, 'L', 'B+', 'jekulo', '2026-02-22 12:11:17', '2026-02-22 12:11:17'),
('PND-F13F563F', '3319MTSuk000013', 'Sukirwanto', 'Ploso 3/5', '81326629177', 57, 'L', 'A+', 'jati', '2026-02-22 12:11:17', '2026-02-22 12:11:17'),
('PND-F153D79F', '3319DGAru000001', 'Arum Mawati', 'Krandon 3/2 Kota', '87839520156', 48, 'P', 'AB+', 'kota', '2026-02-22 12:11:18', '2026-02-22 12:11:18'),
('PND-F23EE4C1', '3319M5MUH000088', 'MUHAMMAD DZUNNURAIN F', 'Barongan 3/3 Kota', '87734735330', 20, 'L', 'O+', 'kota', '2026-02-22 12:11:18', '2026-02-22 12:11:18'),
('PND-F28AC50E', '3319DGMUH001026', 'Muhammad Farhan', 'Peganjaran Kidul 3/4', '89507804501', 18, 'L', 'O+', 'bae', '2026-02-22 12:11:18', '2026-02-22 12:11:18'),
('PND-F2B1557F', '3319DGARD000002', 'Ardi Widoyoko', 'Ploso 4/2', '85727121616', 39, 'L', 'A+', 'jati', '2026-02-22 12:11:18', '2026-02-22 12:11:18'),
('PND-F3CB83CC', '3319DGMUC000043', 'Muchamad Sofyan', 'Margorejo 4/2', '85600405689', 27, 'L', 'A+', 'dawe', '2026-02-22 12:11:18', '2026-02-22 12:11:18'),
('PND-F460F19A', '3319MTSup000015', 'Suprihatin', 'Gondang Manis 5/1', '85869282639', 43, 'L', 'A+', 'bae', '2026-02-22 12:11:18', '2026-02-22 12:11:18'),
('PND-F489D25B', '3319MTMas000031', 'Masriah', 'Jurang 5/5', '81575727669', 55, 'P', 'B+', 'gebog', '2026-02-22 12:11:18', '2026-02-22 12:11:18'),
('PND-F4BE2368', '3319M1MIS000016', 'Misbahul Munir', 'Undaan Tengah 4/3', '8978506655', 36, 'L', 'B+', 'undaan', '2026-02-22 12:11:17', '2026-02-22 12:11:17'),
('PND-F4C61E56', '3319M4MUS000010', 'Musdalifah', 'Janggalan 6/1', '85875026541', 25, 'P', 'B+', 'kota', '2026-02-22 12:11:18', '2026-02-22 12:11:18'),
('PND-F527E62B', '3319DGFEN000012', 'Fentim Eri Gutono', 'Ploso 03/05', '85842758958', 30, 'L', 'A+', 'jati', '2026-02-22 12:11:17', '2026-02-22 12:11:17'),
('PND-F532E9E7', '3319M1SUL000065', 'Sultoni', 'Honggosoco 4/4', '81215452186', 48, 'L', 'O+', 'jekulo', '2026-02-22 12:11:19', '2026-02-22 12:11:19'),
('PND-F55A1751', '3319DGIND000035', 'Indra Kusuma', 'Perum Muria Permai RT 4/5', '85881874773', 43, 'L', 'O+', 'kaliwungu', '2026-02-22 12:11:17', '2026-02-22 12:11:17'),
('PND-F57337D5', '3319M2NOO000026', 'Noor Kholis', 'Gribig 1/5', '82328911699', 41, 'L', 'O+', 'gebog', '2026-02-22 12:11:17', '2026-02-22 12:11:17'),
('PND-F57C25FC', '3319M1MDE000001', 'M Dedi Irawan', 'gondangmanis 4/2', '85226121797', 39, 'L', 'O+', 'bae', '2026-02-22 12:11:17', '2026-02-22 12:11:17'),
('PND-F5D29564', '3319DGMUH001027', 'Muhammad Fitriyanto', 'Barongan 1/1', '821358111978', 46, 'L', 'O+', 'kota', '2026-02-22 12:11:18', '2026-02-22 12:11:18'),
('PND-F6210CE1', '3319DGWIW000008', 'Wiwik Cahyono', 'Sunggingan 5/3, Kota', '85641014079', 50, 'L', 'O+', 'kota', '2026-02-22 12:11:17', '2026-02-22 12:11:17'),
('PND-F64E92A8', '3319MTAri000006', 'Aris Triono', 'Dersalam 2/4', '85329222660', 36, 'L', 'O+', 'bae', '2026-02-22 12:11:18', '2026-02-22 12:11:18'),
('PND-F6B4BC9E', '3319M3AME000003', 'Ameira Sabrina', 'Sidorekso 3/4', '83146138428', 19, 'P', 'B+', 'kaliwungu', '2026-02-22 12:11:18', '2026-02-22 12:11:18'),
('PND-F7079D62', '3319DGBOW000001', 'Bowo Supriyono', 'Undaan Lor 1/2', '85226458733', 42, 'L', 'AB+', 'undaan', '2026-02-22 12:11:17', '2026-02-22 12:11:17'),
('PND-F7316D8C', '3319DGANT000032', 'Anton Timur', 'dedel dawe 1/4', '81229811458', 48, 'L', 'O+', 'dawe', '2026-02-22 12:11:18', '2026-02-22 12:11:18'),
('PND-F7A305B1', '3319DGSEP000018', 'Septia Surya Sari', 'mijen 9 / 6 kaliwungu', '82135112815', 22, 'P', 'O+', 'kaliwungu', '2026-02-22 12:11:18', '2026-02-22 12:11:18'),
('PND-F7F58452', '3319DGABD000084', 'Abdul Muis', 'Purwosari Sekaran 5/6', '88226864902', 42, 'L', 'O+', 'kota', '2026-02-22 12:11:17', '2026-02-22 12:11:17'),
('PND-F80B479A', '3319DGLIN000019', 'Linda Mardliyya Nihlah', 'Prambatan Kidul 11/04', '89652913243', 21, 'P', 'A+', 'kaliwungu', '2026-02-22 12:11:18', '2026-02-22 12:11:18'),
('PND-F85A0C58', '3319M1ADH000006', 'Adhi Setiyo N', 'Jl. Sunan Kudus', '85226533600', 43, 'L', 'B+', 'kota', '2026-02-22 12:11:18', '2026-02-22 12:11:18'),
('PND-F85B1C35', '3319DGABD000266', 'Abdul Latif', 'Loram Kulon 5/5', '85868878786', 28, 'L', 'O+', 'jati', '2026-02-22 12:11:18', '2026-02-22 12:11:18'),
('PND-F88A51D7', '3319DGNOO000253', 'noor efendi', 'kedongdowo 5/1', '85225975368', 42, 'L', 'O+', 'kaliwungu', '2026-02-22 12:11:18', '2026-02-22 12:11:18'),
('PND-F90F57D6', '3319M2PAM000003', 'Pamungkas Hadi Wibowo', 'Megawon 2/2', '81225608321', 47, 'L', 'AB+', 'mejobo', '2026-02-22 12:11:17', '2026-02-22 12:11:17'),
('PND-F960CAEA', '3319M3AGU000021', 'Agung Wicaksono', 'Tumpangkrasak 1/6', '85640999105', 30, 'L', 'O+', 'jati', '2026-02-22 12:11:18', '2026-02-22 12:11:18'),
('PND-F9911EE2', '3319DGNOV000035', 'Novialisa', 'Karang Malang 04/08', '81617360134', 28, 'P', 'B+', 'gebog', '2026-02-22 12:11:18', '2026-02-22 12:11:18'),
('PND-F9DB0CEE', '3319M1YUS000051', 'Yusril Falach', 'Gribig 1/1', '88239353031', 26, 'L', 'O+', 'gebog', '2026-02-22 12:11:18', '2026-02-22 12:11:18'),
('PND-F9EA6B8A', '3319M1ADI000009', 'Adi Setiawan', 'padurenan 2/3', '8567205040', 39, 'L', 'B+', 'gebog', '2026-02-22 12:11:18', '2026-02-22 12:11:18'),
('PND-FA42D348', '3319M1JAM000001', 'Jamal Noor Rofik', 'Jati Wetan 6/2', '85640474139', 39, 'L', 'O+', 'jati', '2026-02-22 12:11:17', '2026-02-22 12:11:17'),
('PND-FBF9E820', '3319DGIND000044', 'Indra Adityo', 'Ngembalrejo 5/2', '85293191918', 44, 'L', 'O+', 'bae', '2026-02-22 12:11:17', '2026-02-22 12:11:17'),
('PND-FBFC0A5B', '3319DGRIS000051', 'Riska Putri Filiayuk', 'Dersalam 6/1 Bae', '85728002111', 37, 'P', 'A+', 'bae', '2026-02-22 12:11:18', '2026-02-22 12:11:18'),
('PND-FC3471FE', '3319M2SIG000003', 'Sigit Budiarso', 'Wergu Wetan 4/2', '85283259143', 38, 'L', 'AB+', 'kota', '2026-02-22 12:11:17', '2026-02-22 12:11:17'),
('PND-FC4AC45F', '3319DGEKO000145', 'Eko Wahyu Nugroho', 'Karangrowo 1/13', '8220334554', 33, 'L', 'O+', 'undaan', '2026-02-22 12:11:19', '2026-02-22 12:11:19'),
('PND-FCAB024D', '3319MUAji000001', 'Aji Susanto', 'Gulang 1/6', '87723304041', 41, 'L', 'O+', 'mejobo', '2026-02-22 12:11:18', '2026-02-22 12:11:18'),
('PND-FCB54E87', '3319DGSIT000212', 'siti maftuhah', 'dersalam', '895395192238', 41, 'P', 'O+', 'bae', '2026-02-22 12:11:18', '2026-02-22 12:11:18'),
('PND-FCB60CC1', '3319DGWEN000002', 'Weni Oktaferani', 'Jekulo Karang 4/7', '89695270699', 37, 'P', 'O+', 'jekulo', '2026-02-22 12:11:17', '2026-02-22 12:11:17'),
('PND-FCEEA52C', '3319DGVAN000002', 'Vanessa Mirabel Prayogo', 'Jl. Sunan Kudus No.193 1/3', '87831242560', 22, 'P', 'A+', 'kota', '2026-02-22 12:11:18', '2026-02-22 12:11:18'),
('PND-FD799DB2', '3319M5MUH000200', 'Muh Nurhadi', 'Loram wetan 1/6', '81903596369', 21, 'L', 'A+', 'jati', '2026-02-22 12:11:18', '2026-02-22 12:11:18'),
('PND-FDF85A84', '3319M5SRI000025', 'Sri Heny', 'Prambatan Lor 4/2', '81325726743', 51, 'P', 'A+', 'kaliwungu', '2026-02-22 12:11:18', '2026-02-22 12:11:18'),
('PND-FDFBEE44', '3319DGRID000017', 'RIDHO BIMA AKHIRUDIN', 'TERBAN GK V/72 A', '85290676770', 30, 'L', 'B+', 'jekulo', '2026-02-22 12:11:18', '2026-02-22 12:11:18'),
('PND-FE09D14A', '3319M4TRI000006', 'Tri Sugeng Widodo', 'Kaliputu 1/2', '85878203074', 36, 'L', 'B+', 'kota', '2026-02-22 12:11:18', '2026-02-22 12:11:18'),
('PND-FE0BB25F', '3319M1MUH000656', 'Muhammad Mujahwirul Ilma', 'Bakalankrapyak 03/04', '85700116439', 27, 'L', 'O+', 'kaliwungu', '2026-02-22 12:11:18', '2026-02-22 12:11:18'),
('PND-FEF0B407', '3319M2JOG000001', 'Jogi Pitoyo', 'Tanjungrejo 02/01', '82313520678', 45, 'L', 'A+', 'jekulo', '2026-02-22 12:11:19', '2026-02-22 12:11:19'),
('PND-FF767E4B', '3319DGRIZ000057', 'Rizka Azhari Y.F', 'getas pejaten 2/1', '81392496969', 28, 'L', 'O+', 'jati', '2026-02-22 12:11:18', '2026-02-22 12:11:18'),
('PND-FFABA752', '3319M1RAH000014', 'Rahmat Ihfak Safawi', 'Gondangmanis 3/3 Bae', '81809312954', 24, 'L', 'AB+', 'bae', '2026-02-22 12:11:18', '2026-02-22 12:11:18');

-- --------------------------------------------------------

--
-- Table structure for table `histori_prediksi`
--

CREATE TABLE `histori_prediksi` (
  `id_histori_prediksi` varchar(20) COLLATE utf8mb4_general_ci NOT NULL,
  `id_model` varchar(20) COLLATE utf8mb4_general_ci NOT NULL,
  `tanggal_prediksi` datetime NOT NULL,
  `id_user` varchar(20) COLLATE utf8mb4_general_ci DEFAULT NULL,
  `parameter_filter` text COLLATE utf8mb4_general_ci COMMENT 'JSON: kecamatan, golongan_darah, max_usia, jenis_kelamin, top_k',
  `jumlah_hasil` int NOT NULL DEFAULT '0',
  `keterangan` text COLLATE utf8mb4_general_ci,
  `created_at` datetime DEFAULT NULL
) ENGINE=InnoDB DEFAULT CHARSET=utf8mb4 COLLATE=utf8mb4_general_ci;

--
-- Dumping data for table `histori_prediksi`
--

INSERT INTO `histori_prediksi` (`id_histori_prediksi`, `id_model`, `tanggal_prediksi`, `id_user`, `parameter_filter`, `jumlah_hasil`, `keterangan`, `created_at`) VALUES
('HPR-427D894B', 'MDL-2C3208EF', '2026-02-22 22:07:20', 'USR-6CB3EC49', '{\"kecamatan\":\"bae\",\"golongan_darah\":\"B+\",\"max_usia\":30,\"jenis_kelamin\":\"all\",\"top_k\":10,\"alpha_donor\":0.2,\"alpha_ulang\":0.1}', 10, 'bae | Gol: B+ | Usia ≤ 30', '2026-02-22 22:07:20'),
('HPR-4A4E2B95', 'MDL-2C3208EF', '2026-02-22 22:08:49', 'USR-6CB3EC49', '{\"kecamatan\":\"jekulo\",\"golongan_darah\":\"AB+\",\"max_usia\":30,\"jenis_kelamin\":\"all\",\"top_k\":5,\"alpha_donor\":0.2,\"alpha_ulang\":0.1}', 3, 'jekulo | Gol: AB+ | Usia ≤ 30', '2026-02-22 22:08:49'),
('HPR-B5342A5D', 'MDL-2C3208EF', '2026-02-22 22:08:16', 'USR-6CB3EC49', '{\"kecamatan\":\"all\",\"golongan_darah\":\"all\",\"max_usia\":60,\"jenis_kelamin\":\"all\",\"top_k\":20,\"alpha_donor\":0.2,\"alpha_ulang\":0.1}', 20, 'Semua Kecamatan | Gol: Semua Gol. Darah | Usia ≤ 60', '2026-02-22 22:08:16'),
('HPR-D35FEC30', 'MDL-2C3208EF', '2026-02-22 07:53:42', 'USR-58EAAFB4', '{\"kecamatan\":\"bae\",\"golongan_darah\":\"B+\",\"max_usia\":30,\"jenis_kelamin\":\"all\",\"top_k\":5,\"alpha_donor\":0.2,\"alpha_ulang\":0.1}', 5, 'Kecamatan: bae | Gol: B+ | Usia ≤ 30', '2026-02-22 07:53:42');

-- --------------------------------------------------------

--
-- Table structure for table `migrations`
--

CREATE TABLE `migrations` (
  `id` bigint UNSIGNED NOT NULL,
  `version` varchar(255) COLLATE utf8mb4_general_ci NOT NULL,
  `class` varchar(255) COLLATE utf8mb4_general_ci NOT NULL,
  `group` varchar(255) COLLATE utf8mb4_general_ci NOT NULL,
  `namespace` varchar(255) COLLATE utf8mb4_general_ci NOT NULL,
  `time` int NOT NULL,
  `batch` int UNSIGNED NOT NULL
) ENGINE=InnoDB DEFAULT CHARSET=utf8mb4 COLLATE=utf8mb4_general_ci;

--
-- Dumping data for table `migrations`
--

INSERT INTO `migrations` (`id`, `version`, `class`, `group`, `namespace`, `time`, `batch`) VALUES
(1, '2026-01-02-062554', 'App\\Database\\Migrations\\CreatePendonor', 'default', 'App', 1767335601, 1),
(2, '2026-01-02-062714', 'App\\Database\\Migrations\\CreateDonorDarah', 'default', 'App', 1767335601, 1),
(3, '2026-01-02-063114', 'App\\Database\\Migrations\\CreatePrediksiPendonor', 'default', 'App', 1767335601, 1),
(4, '2026-01-18-060007', 'App\\Database\\Migrations\\CreateUsersTable', 'default', 'App', 1768716596, 2),
(5, '2026-01-18-064140', 'App\\Database\\Migrations\\CreateDataPendonor', 'default', 'App', 1768718739, 3),
(6, '2026-01-18-064211', 'App\\Database\\Migrations\\CreateDataHistorisDonor', 'default', 'App', 1768718739, 3),
(10, '2026-02-22-054617', 'App\\Database\\Migrations\\CreateModelPrediksiTable', 'default', 'App', 1771742190, 4),
(11, '2026-02-22-054625', 'App\\Database\\Migrations\\CreateHistoriPrediksiTable', 'default', 'App', 1771742190, 4),
(12, '2026-02-22-054756', 'App\\Database\\Migrations\\CreatePrediksiPendonorPotensialTable', 'default', 'App', 1771742190, 4);

-- --------------------------------------------------------

--
-- Table structure for table `model_prediksi`
--

CREATE TABLE `model_prediksi` (
  `id_model` varchar(20) COLLATE utf8mb4_general_ci NOT NULL,
  `nama_model` varchar(100) COLLATE utf8mb4_general_ci NOT NULL,
  `parameter_model` text COLLATE utf8mb4_general_ci COMMENT 'JSON: n_estimators, min_samples_leaf, class_weight, test_size, alpha_donor, alpha_ulang, random_state',
  `akurasi_model` decimal(5,4) DEFAULT NULL,
  `f1_score` decimal(5,4) DEFAULT NULL,
  `roc_auc` decimal(5,4) DEFAULT NULL,
  `cv_roc_auc` decimal(5,4) DEFAULT NULL COMMENT 'Cross-validation mean ROC-AUC',
  `tanggal_training` datetime DEFAULT NULL,
  `file_model` varchar(255) COLLATE utf8mb4_general_ci DEFAULT NULL COMMENT 'Filename .joblib di writable/models/',
  `status` enum('aktif','nonaktif') COLLATE utf8mb4_general_ci NOT NULL DEFAULT 'nonaktif',
  `id_user` varchar(20) COLLATE utf8mb4_general_ci DEFAULT NULL,
  `keterangan` text COLLATE utf8mb4_general_ci,
  `created_at` datetime DEFAULT NULL,
  `updated_at` datetime DEFAULT NULL
) ENGINE=InnoDB DEFAULT CHARSET=utf8mb4 COLLATE=utf8mb4_general_ci;

--
-- Dumping data for table `model_prediksi`
--

INSERT INTO `model_prediksi` (`id_model`, `nama_model`, `parameter_model`, `akurasi_model`, `f1_score`, `roc_auc`, `cv_roc_auc`, `tanggal_training`, `file_model`, `status`, `id_user`, `keterangan`, `created_at`, `updated_at`) VALUES
('MDL-17FCF95A', 'Random Forest v1.1', '{\"n_estimators\":400,\"min_samples_leaf\":2,\"class_weight\":\"balanced\",\"test_size\":0.2,\"alpha_donor\":0.2,\"alpha_ulang\":0.1,\"random_state\":42,\"filter_golongan_darah\":[],\"filter_kecamatan\":\"\",\"filter_tanggal_dari\":\"2025-01-01\",\"filter_tanggal_sampai\":\"2026-02-22\",\"filter_min_jumlah_donor\":1,\"filter_jenis_kelamin\":\"\"}', '0.8720', '0.6038', '0.8835', '0.8766', '2026-02-22 15:34:43', 'model_1771749273_FCF95A.joblib', 'nonaktif', 'USR-58EAAFB4', 'Uji 1.1', '2026-02-22 08:17:00', '2026-02-22 08:34:43'),
('MDL-2C3208EF', 'Random Forest v1.0', '{\"n_estimators\":400,\"min_samples_leaf\":2,\"class_weight\":\"balanced\",\"test_size\":0.2,\"alpha_donor\":0.2,\"alpha_ulang\":0.1,\"random_state\":42}', '0.8720', '0.6038', '0.8835', '0.8766', '2026-02-22 15:32:16', 'model_1771749125_3208EF.joblib', 'aktif', 'USR-58EAAFB4', 'Uji 1', '2026-02-22 07:18:11', '2026-02-22 08:32:20');

-- --------------------------------------------------------

--
-- Table structure for table `prediksi_pendonor_potensial`
--

CREATE TABLE `prediksi_pendonor_potensial` (
  `id_prediksi` varchar(20) COLLATE utf8mb4_general_ci NOT NULL,
  `id_histori_prediksi` varchar(20) COLLATE utf8mb4_general_ci NOT NULL,
  `id_pendonor` varchar(20) COLLATE utf8mb4_general_ci NOT NULL,
  `probabilitas_donor` decimal(6,4) DEFAULT NULL COMMENT 'Skor p_return_adjusted',
  `label_prediksi` enum('potensial','tidak_potensial') COLLATE utf8mb4_general_ci NOT NULL DEFAULT 'tidak_potensial',
  `peringkat` int DEFAULT NULL,
  `created_at` datetime DEFAULT NULL
) ENGINE=InnoDB DEFAULT CHARSET=utf8mb4 COLLATE=utf8mb4_general_ci;

--
-- Dumping data for table `prediksi_pendonor_potensial`
--

INSERT INTO `prediksi_pendonor_potensial` (`id_prediksi`, `id_histori_prediksi`, `id_pendonor`, `probabilitas_donor`, `label_prediksi`, `peringkat`, `created_at`) VALUES
('PRD-002D59A4', 'HPR-427D894B', 'PND-42C3034B', '0.3730', 'potensial', 1, '2026-02-22 22:07:20'),
('PRD-0587E583', 'HPR-4A4E2B95', 'PND-E240D83E', '0.3470', 'potensial', 2, '2026-02-22 22:08:49'),
('PRD-158B3AF5', 'HPR-427D894B', 'PND-919E148C', '0.0585', 'tidak_potensial', 7, '2026-02-22 22:07:20'),
('PRD-172C23C6', 'HPR-B5342A5D', 'PND-488F6376', '1.0063', 'potensial', 14, '2026-02-22 22:08:16'),
('PRD-1B16AC92', 'HPR-B5342A5D', 'PND-1EA7BF52', '1.0044', 'potensial', 15, '2026-02-22 22:08:16'),
('PRD-1BB9F8C8', 'HPR-B5342A5D', 'PND-2C71101C', '0.9802', 'potensial', 20, '2026-02-22 22:08:16'),
('PRD-1F8E045A', 'HPR-427D894B', 'PND-47B4FB93', '0.0314', 'tidak_potensial', 10, '2026-02-22 22:07:20'),
('PRD-2124AAB2', 'HPR-D35FEC30', 'PND-3230D7C2', '0.2648', 'tidak_potensial', 4, '2026-02-22 07:53:42'),
('PRD-299AEAC3', 'HPR-B5342A5D', 'PND-2724E646', '1.0627', 'potensial', 5, '2026-02-22 22:08:16'),
('PRD-307274C5', 'HPR-B5342A5D', 'PND-7F95804A', '1.0188', 'potensial', 12, '2026-02-22 22:08:16'),
('PRD-392386BF', 'HPR-B5342A5D', 'PND-9717E553', '1.1308', 'potensial', 4, '2026-02-22 22:08:16'),
('PRD-3B9583F3', 'HPR-B5342A5D', 'PND-8B8D9341', '1.0326', 'potensial', 8, '2026-02-22 22:08:16'),
('PRD-419486CC', 'HPR-B5342A5D', 'PND-83A4A10E', '1.0602', 'potensial', 6, '2026-02-22 22:08:16'),
('PRD-425E92EB', 'HPR-427D894B', 'PND-4EB18A85', '0.0367', 'tidak_potensial', 8, '2026-02-22 22:07:20'),
('PRD-443EF6AF', 'HPR-427D894B', 'PND-408DBB19', '0.1938', 'tidak_potensial', 5, '2026-02-22 22:07:20'),
('PRD-554AF631', 'HPR-B5342A5D', 'PND-FCAB024D', '1.0203', 'potensial', 11, '2026-02-22 22:08:16'),
('PRD-60E5B27E', 'HPR-4A4E2B95', 'PND-8CBF225C', '0.0208', 'tidak_potensial', 3, '2026-02-22 22:08:49'),
('PRD-69B33D1D', 'HPR-B5342A5D', 'PND-E0605B0F', '0.9867', 'potensial', 18, '2026-02-22 22:08:16'),
('PRD-6BB572F8', 'HPR-4A4E2B95', 'PND-4232B1AB', '0.3905', 'potensial', 1, '2026-02-22 22:08:49'),
('PRD-7FA113C8', 'HPR-427D894B', 'PND-3230D7C2', '0.2648', 'tidak_potensial', 4, '2026-02-22 22:07:20'),
('PRD-889B99EA', 'HPR-B5342A5D', 'PND-B9EE8335', '0.9980', 'potensial', 17, '2026-02-22 22:08:16'),
('PRD-8FFFCF5A', 'HPR-B5342A5D', 'PND-F13F563F', '1.1513', 'potensial', 2, '2026-02-22 22:08:16'),
('PRD-9F78975E', 'HPR-B5342A5D', 'PND-48198727', '1.0100', 'potensial', 13, '2026-02-22 22:08:16'),
('PRD-A1A05BD2', 'HPR-B5342A5D', 'PND-6B29F0C0', '0.9831', 'potensial', 19, '2026-02-22 22:08:16'),
('PRD-AB45AC6E', 'HPR-B5342A5D', 'PND-BE170379', '1.0344', 'potensial', 7, '2026-02-22 22:08:16'),
('PRD-B68336CC', 'HPR-B5342A5D', 'PND-5C3D25FD', '1.1353', 'potensial', 3, '2026-02-22 22:08:16'),
('PRD-BB9715A0', 'HPR-D35FEC30', 'PND-1E21FE4A', '0.3117', 'potensial', 2, '2026-02-22 07:53:42'),
('PRD-BE1221CE', 'HPR-427D894B', 'PND-EFB4EC61', '0.0327', 'tidak_potensial', 9, '2026-02-22 22:07:20'),
('PRD-BF07C9F9', 'HPR-D35FEC30', 'PND-145798E7', '0.2895', 'tidak_potensial', 3, '2026-02-22 07:53:42'),
('PRD-C320129E', 'HPR-B5342A5D', 'PND-E8E68F93', '1.1801', 'potensial', 1, '2026-02-22 22:08:16'),
('PRD-C824DFCE', 'HPR-B5342A5D', 'PND-0DFF6E7E', '0.9981', 'potensial', 16, '2026-02-22 22:08:16'),
('PRD-D19CD6C8', 'HPR-D35FEC30', 'PND-408DBB19', '0.1938', 'tidak_potensial', 5, '2026-02-22 07:53:42'),
('PRD-D53277AF', 'HPR-427D894B', 'PND-1E21FE4A', '0.3117', 'potensial', 2, '2026-02-22 22:07:20'),
('PRD-D6B1662C', 'HPR-D35FEC30', 'PND-42C3034B', '0.3730', 'potensial', 1, '2026-02-22 07:53:42'),
('PRD-EC7FE841', 'HPR-B5342A5D', 'PND-1E9BBD0C', '1.0239', 'potensial', 10, '2026-02-22 22:08:16'),
('PRD-F0EB3080', 'HPR-B5342A5D', 'PND-B273E705', '1.0274', 'potensial', 9, '2026-02-22 22:08:16'),
('PRD-F1422796', 'HPR-427D894B', 'PND-145798E7', '0.2895', 'tidak_potensial', 3, '2026-02-22 22:07:20'),
('PRD-FC9E66BF', 'HPR-427D894B', 'PND-2815F30F', '0.1640', 'tidak_potensial', 6, '2026-02-22 22:07:20');

-- --------------------------------------------------------

--
-- Table structure for table `users`
--

CREATE TABLE `users` (
  `id_user` varchar(20) COLLATE utf8mb4_general_ci NOT NULL,
  `username` varchar(50) COLLATE utf8mb4_general_ci NOT NULL,
  `password` varchar(255) COLLATE utf8mb4_general_ci NOT NULL,
  `role` enum('infokom','udd') COLLATE utf8mb4_general_ci NOT NULL DEFAULT 'infokom',
  `created_at` datetime DEFAULT CURRENT_TIMESTAMP,
  `updated_at` datetime DEFAULT CURRENT_TIMESTAMP ON UPDATE CURRENT_TIMESTAMP
) ENGINE=InnoDB DEFAULT CHARSET=utf8mb4 COLLATE=utf8mb4_general_ci;

--
-- Dumping data for table `users`
--

INSERT INTO `users` (`id_user`, `username`, `password`, `role`, `created_at`, `updated_at`) VALUES
('USR-58EAAFB4', 'admin', '$2y$10$YWrO8hOsUzee/.j3QeXZxOrIY.bGmlUyEz4VZkN8F0RSAOnHQ3hQe', 'infokom', '2026-01-18 13:10:19', '2026-01-18 13:10:19'),
('USR-6CB3EC49', 'alan', '$2y$10$qsylFdnV/Iu4v/DFILoWhOSb8IYIc/rLl6ehkdbTPkDCsPYUFhKly', 'udd', '2026-01-18 13:10:19', '2026-02-22 16:28:14'),
('USR-97BE861B', 'andrian', '$2y$10$SHS51vO3uPe0Eihk5p/HveMFQWMz5cW1adwghZb3w.tbdHPav978.', 'infokom', '2026-01-18 18:23:44', '2026-01-18 18:34:14');

--
-- Indexes for dumped tables
--

--
-- Indexes for table `data_historis_donor`
--
ALTER TABLE `data_historis_donor`
  ADD PRIMARY KEY (`id_histori`),
  ADD KEY `data_historis_donor_id_pendonor_foreign` (`id_pendonor`);

--
-- Indexes for table `data_pendonor`
--
ALTER TABLE `data_pendonor`
  ADD PRIMARY KEY (`id_pendonor`);

--
-- Indexes for table `histori_prediksi`
--
ALTER TABLE `histori_prediksi`
  ADD PRIMARY KEY (`id_histori_prediksi`),
  ADD KEY `histori_prediksi_id_model_foreign` (`id_model`);

--
-- Indexes for table `migrations`
--
ALTER TABLE `migrations`
  ADD PRIMARY KEY (`id`);

--
-- Indexes for table `model_prediksi`
--
ALTER TABLE `model_prediksi`
  ADD PRIMARY KEY (`id_model`);

--
-- Indexes for table `prediksi_pendonor_potensial`
--
ALTER TABLE `prediksi_pendonor_potensial`
  ADD PRIMARY KEY (`id_prediksi`),
  ADD KEY `prediksi_pendonor_potensial_id_histori_prediksi_foreign` (`id_histori_prediksi`),
  ADD KEY `prediksi_pendonor_potensial_id_pendonor_foreign` (`id_pendonor`);

--
-- Indexes for table `users`
--
ALTER TABLE `users`
  ADD PRIMARY KEY (`id_user`),
  ADD UNIQUE KEY `username` (`username`);

--
-- AUTO_INCREMENT for dumped tables
--

--
-- AUTO_INCREMENT for table `migrations`
--
ALTER TABLE `migrations`
  MODIFY `id` bigint UNSIGNED NOT NULL AUTO_INCREMENT, AUTO_INCREMENT=13;

--
-- Constraints for dumped tables
--

--
-- Constraints for table `data_historis_donor`
--
ALTER TABLE `data_historis_donor`
  ADD CONSTRAINT `data_historis_donor_id_pendonor_foreign` FOREIGN KEY (`id_pendonor`) REFERENCES `data_pendonor` (`id_pendonor`) ON DELETE CASCADE ON UPDATE CASCADE;

--
-- Constraints for table `histori_prediksi`
--
ALTER TABLE `histori_prediksi`
  ADD CONSTRAINT `histori_prediksi_id_model_foreign` FOREIGN KEY (`id_model`) REFERENCES `model_prediksi` (`id_model`) ON DELETE CASCADE ON UPDATE CASCADE;

--
-- Constraints for table `prediksi_pendonor_potensial`
--
ALTER TABLE `prediksi_pendonor_potensial`
  ADD CONSTRAINT `prediksi_pendonor_potensial_id_histori_prediksi_foreign` FOREIGN KEY (`id_histori_prediksi`) REFERENCES `histori_prediksi` (`id_histori_prediksi`) ON DELETE CASCADE ON UPDATE CASCADE,
  ADD CONSTRAINT `prediksi_pendonor_potensial_id_pendonor_foreign` FOREIGN KEY (`id_pendonor`) REFERENCES `data_pendonor` (`id_pendonor`) ON DELETE CASCADE ON UPDATE CASCADE;
COMMIT;

/*!40101 SET CHARACTER_SET_CLIENT=@OLD_CHARACTER_SET_CLIENT */;
/*!40101 SET CHARACTER_SET_RESULTS=@OLD_CHARACTER_SET_RESULTS */;
/*!40101 SET COLLATION_CONNECTION=@OLD_COLLATION_CONNECTION */;
